period,plane,paddle,entries,mip_back,mip_front,g_front,g_mip,g_dt,d_dt,chi2ndf_dt,npts_dt
p5_22698,001,1,337956,9.661674477532172,6.588373542632507,nan,,0.37589774198141773,-0.2203449175576005,161.31464160829807,15
p5_22698,001,2,403403,11.262132824825155,6.037720038137762,nan,,0.5048408223783366,-0.2203449178032882,47.492486340541305,14
p5_22698,001,3,550127,7.411180142372653,7.444473452116464,0.374342026256555,0.3726678870295903,0.3672171251063392,-0.22034491438900422,14.836301757519633,16
p5_22698,001,4,928791,5.9072905354339555,9.964353778686817,0.5767225244856583,0.341905515012203,0.870604956029358,1.4999999999999998,30.85983956022986,13
p5_22698,001,5,907408,8.733485927311044,5.35584376339529,0.26698191611846245,0.4353530293775746,0.39699801766893855,-0.22034491014111968,71.45791811356727,13
p5_22698,001,6,1077547,8.335572620343479,8.55480019024086,0.43515838199716805,0.42400689832902294,0.3237603007350449,-0.22034491773889756,77.51423379464235,9
p5_22698,001,7,667660,9.190660037613773,7.343367780834709,0.37560629338894846,0.47009353930706327,0.31976764944217334,-0.22034491771302536,40.71630846324137,17
p5_22698,001,8,1199225,6.44398038694566,7.334108438600983,0.39536386322261247,0.3473792352052502,0.2893112129216921,-0.33964959760665214,5.048636054593892,11
p5_22698,001,9,1023641,10.694625318844711,6.5,0.4027698383302319,0.6626880785651521,0.4967230275663604,-0.22034491753710422,67.32844051811826,19
p5_22698,001,10,1178729,8.459129240074912,8.860808440409206,0.4488791482151583,0.42853050638248624,0.38342106287989697,-0.22034491410278548,114.17832832812663,12
p5_22698,001,11,807211,7.083414709277419,9.577778101152152,nan,,0.7614997501999361,0.7918681626451035,1.6500383666717116,12
p5_22698,101,1,604765,12.715644221218078,17.04108120435306,nan,,0.3270629288076708,0.3123502578218715,60.25321111443372,10
p5_22698,101,2,34783,16.72134637866826,7.75913480158487,0.5187171792517293,1.1178629897063075,0.5383939856825828,-0.1997668725657304,65.39991863717458,16
p5_22698,101,3,1070392,8.647237136797502,5.2177454151209055,0.32257849857051707,0.5346011639984775,0.49589473784769444,-0.22034491261756867,95.78273257057721,18
p5_22698,101,4,1076104,13.233744003912985,7.308322817083874,0.43042754354423496,0.7794083630490707,0.810612423223483,-0.2203449177178746,83.10131946765162,17
p5_22698,101,5,1521989,6.099436242875259,5.9802211210428995,0.3421131936613296,0.34893318664106754,0.494540151684357,-0.09124385342275457,9.501872819702523,12
p5_22698,101,6,1511068,7.446362152910732,7.328539693916358,0.38863862197334004,0.3948868460416487,0.35216502558324536,-0.420344917373065,36.293588365127526,16
p5_22698,101,7,1296808,7.924872471353758,6.049131878104333,0.33322698112338167,0.4365554235932064,1.3222507767268477,1.4999999999999998,21.70812225452053,14
p5_22698,101,8,1828434,10.599267804644088,7.409391502427474,nan,,0.5243271917214447,-0.22034491393998468,49.412668662044545,17
p5_22698,101,9,723087,10.609112287616718,5.881651303702667,nan,,0.41975633139602125,-0.2203449168626101,57.80760438148389,17
p5_22698,101,10,2700,nan,nan,0.21399834423211148,,,,,
p5_22698,101,11,1408339,7.967607476589385,9.505702218311981,0.563195546077462,0.4720662335775846,0.4194972089829934,-0.22034490648961863,47.135525546991666,16
