period,plane,paddle,entries,ok,g0,g,d,chi2ndf,npts,MeV_per_unit,adc_pt,mip_adc,mip_MeV
p5_22698,000,1,2802,0,0.5277208746704949,,,,,,,,
p5_22698,000,2,12161,0,0.42468277934759735,,,,,,,,
p5_22698,000,3,29086,1,0.48380285238722,0.4486066576104645,-0.07162680038987371,6.0684095570217975,26,2.229124296385996,35.8874793614857,8.5,18.947556519280965
p5_22698,000,4,44439,1,0.6557584510274015,0.5993821734885967,-0.11010458874840064,10.209037730572149,35,1.6683846204161845,47.94916663807598,10.5,17.518038514369938
p5_22698,000,5,50622,1,0.37278710157345135,0.33619161539774756,-0.11398122093011688,12.397854047543342,38,2.974494169989642,26.89453991466971,8.5,25.283200444911955
p5_22698,000,6,73143,1,0.6278790199287289,0.5788822360083181,-0.11264123470102946,8.61717299576842,41,1.7274670698059402,46.309219769801764,11.5,19.865871302768312
p5_22698,000,7,68745,1,0.4632340769984493,0.4501761431214565,-0.06663556272866702,7.909899381350405,43,2.2213527199956538,36.01303451749675,17.08856807590496,37.95973717624237
p5_22698,000,8,77323,1,0.42468277934759735,0.42214471162965134,-0.05286806606492099,18.893409035601163,39,2.3688559217989273,33.77058581088711,16.877981105672387,39.981505490182435
p5_22698,000,9,65764,1,0.3893398003942698,0.37817161623875606,-0.019190044279652756,22.68359277246808,39,2.644302102695769,30.252841420495827,15.430022093083581,40.80163986538308
p5_22698,000,10,80194,1,0.5277208746704949,0.5321721005839922,-0.047678751875134706,9.605763480883246,41,1.8790913670645741,42.572518602811336,10.101175544972074,18.981031763760818
p5_22698,000,11,28580,0,0.6278790199287289,,,,,,,,
p5_22698,001,1,1688,0,,,,,,,,,
p5_22698,001,2,7013,0,0.7802173332600341,,,,,,,,
p5_22698,001,3,10325,0,0.4435397787213909,,,,,,,,
p5_22698,001,4,13275,0,0.4435397787213909,,,,,,,,
p5_22698,001,5,20621,0,0.6848758000270001,,,,,,,,
p5_22698,001,6,23739,0,0.5277208746704949,,,,,,,,
p5_22698,001,7,20738,0,0.6278790199287289,,,,,,,,
p5_22698,001,8,24351,0,0.42468277934759735,,,,,,,,
p5_22698,001,9,30244,0,0.6848758000270001,,,,,,,,
p5_22698,001,10,24823,0,0.5052849339034997,,,,,,,,
p5_22698,001,11,14490,0,0.42468277934759735,,,,,,,,
p5_22698,100,1,124827,1,1.0575260302802736,1.0622152849411048,-0.060734267082886435,12.40898769837626,32,0.9414287425316475,84.97472890578283,16.5,15.533574251772183
p5_22698,100,2,95830,1,0.4632340769984493,0.41207608112523075,-0.0923841234912003,7.2189351304101415,39,2.4267363377883076,32.9651190098581,6.5,15.773786195623998
p5_22698,100,3,100835,1,0.34176298822178053,0.3400406444704241,-0.06344626383469368,6.233252477303627,39,2.940824916848955,27.20245320365924,6.5,19.115361959518207
p5_22698,100,4,135441,1,0.48380285238722,0.4644612018177633,-0.058982481233488704,4.480493688944261,44,2.1530323654296564,37.15580567446534,7.5,16.147742740722425
p5_22698,100,5,131688,1,0.3893398003942698,0.381517287029621,-0.08358317975042022,6.909184545826437,42,2.6211132077020665,30.5204872287347,5.5,14.416122642361367
p5_22698,100,6,146687,1,0.3893398003942698,0.3925171377469761,-0.06611078559683141,5.1076619889639545,39,2.5476594620554343,31.400449460461722,6.5,16.559786503360325
p5_22698,100,7,134708,1,0.34176298822178053,0.3254989045326624,-0.06617044841055157,8.618721349246295,38,3.072206960068753,26.03914815001542,8.5,26.1137591605844
p5_22698,100,8,162168,1,0.4632340769984493,0.4447354546242781,-0.07427861136921401,4.636576212071614,40,2.2485277249703897,35.57779221147573,6.5,14.615430212307533
p5_22698,100,9,103464,1,0.28724556379487304,0.2563585901487635,0.017931232655435763,6.067642489246393,28,3.9007860022155114,20.508085328265345,6.5,25.355109014400824
p5_22698,100,10,69487,1,0.2311605438459164,0.23134297200112422,-0.03971260453974416,2.405956492103278,25,4.322586466967064,18.506894608604323,nan,nan
p5_22698,100,11,89066,1,0.5277208746704949,0.4733166454226241,0.031139681256205597,18.851428805404634,26,2.112750543786815,37.864220371873145,4.97519535904087,10.511346700259235
p5_22698,101,1,41486,0,0.7802173332600341,,,,,,,,
p5_22698,101,2,45466,0,0.969516527544586,,,,,,,,
p5_22698,101,3,45970,1,0.6011848769146672,0.5662796735244602,0.003223391219412535,9.28042770983746,8,1.765911874915294,45.48356176659352,7.5,13.244339061864704
p5_22698,101,4,70765,0,0.8888313575912605,,,,,,,,
p5_22698,101,5,47355,0,0.3893398003942698,,,,,,,,
p5_22698,101,6,48994,1,0.5052849339034997,0.35208419727910617,0.1191630629246834,1.1485095725469994,10,2.84022971700509,28.27938928889349,6.5,18.461493160533085
p5_22698,101,7,55353,1,0.42468277934759735,0.3967442849032429,0.046035957216527354,8.07191676838073,10,2.520515198458064,31.86648582250439,6.580977309351616,16.587453328928405
p5_22698,101,8,83846,1,0.6278790199287289,0.8130702712053404,-0.0883806685812395,23.823676752916327,10,1.2299059938786652,65.3057731540697,7.343213861959045,9.03146274315633
p5_22698,101,9,79028,1,0.5756256297143499,0.6325884968870155,-0.0021072456768505467,13.057280939984855,11,1.580806487821113,50.80948392853502,7.5,11.856048658658347
p5_22698,101,10,22720,0,1.0575260302802736,,,,,,,,
p5_22698,101,11,47441,0,0.5277208746704949,,,,,,,,
p5_22698,200,1,57805,1,0.4632340769984493,0.45189674280853487,-0.018420111008110238,3.3516299049239193,10,2.212894905559636,36.150678452805934,4.657843431904359,10.307318001355569
p5_22698,200,2,80585,1,0.2633403940791744,0.2501770391711871,-0.04376078654940901,4.040101371963968,29,3.99716937778505,20.013575763223685,5.5,21.984431577817773
p5_22698,200,3,144540,1,0.4632340769984493,0.4293322915210215,-0.10947048743001392,15.072551155169569,44,2.3291981985730437,34.345575327058214,7.5,17.468986489297826
p5_22698,200,4,110231,1,0.2999999999999999,0.2969623251200481,-0.06226666586351945,4.094360604795236,36,3.3674305304410126,23.75628879573707,7.5,25.255728978307594
p5_22698,200,5,95818,1,0.22133280248049922,0.21012762875235452,-0.051204502507004174,4.107064781899824,20,4.759012443711283,16.80971695849426,8.565170730198801,40.761754087527756
p5_22698,200,6,133839,1,0.2633403940791744,0.2630412274646465,-0.05188118927813017,3.29761979871888,29,3.8016854226184105,21.04268062391138,5.5,20.909269824401257
p5_22698,200,7,105163,1,0.2029130290397998,0.19126492676574808,-0.04941939838058365,2.510686543082266,18,5.228350105321458,15.300745085780788,9.688372037366062,50.65420096195632
p5_22698,200,8,117825,1,0.2521445332241218,0.2374202254303634,-0.03419350330382977,4.114875589404255,24,4.211941076996851,18.9930606146508,2.121396265166796,8.935196069843732
p5_22698,200,9,99860,1,0.2633403940791744,0.24795186121182416,-0.04246250566289649,6.440256779067776,29,4.033040910089013,19.83556675079032,4.798250713263396,19.351541423455064
p5_22698,200,10,102386,1,0.3893398003942698,0.40022254975318156,-0.051926977903546896,6.176242627785646,40,2.4986098374934222,32.01686433004343,6.5,16.240963943707243
p5_22698,200,11,37116,1,0.2029130290397998,0.17649909196006267,-0.004014684695335292,3.795741530923289,12,5.66575152820772,14.11951296883732,nan,nan
