period,plane,paddle,mip,mip_ref,gain_ratio,ref_c,ref_method,c
p0_lt22375,000,1,nan,37.958,,,,
p0_lt22375,000,2,18.318,33.651,0.54434,0.4506,tof,0.82779
p0_lt22375,000,3,19.96,43.02,0.46396,0.36898,tof,0.79528
p0_lt22375,000,4,19.028,53.59,0.35506,0.28553,tof,0.80417
p0_lt22375,000,5,18,28.743,0.62623,0.52326,tof,0.83557
p0_lt22375,000,6,18,47.707,0.3773,0.29089,tof,0.77096
p0_lt22375,000,7,15.263,38.635,0.39506,0.41232,tof,1.0437
p0_lt22375,000,8,14.698,43.129,0.34079,0.39149,tof,1.1488
p0_lt22375,000,9,18,37.351,0.48192,0.4341,tof,0.90078
p0_lt22375,000,10,nan,51.752,nan,0.32893,tof+period_median_ratio,0.60019
p0_lt22375,000,11,19.833,53.001,0.37421,0.33671,tof,0.89978
p0_lt22375,001,1,nan,54.879,,,,
p0_lt22375,001,2,25.095,64.368,0.38987,0.23557,mip,0.60423
p0_lt22375,001,3,28.293,43.228,0.65451,0.36721,mip,0.56104
p0_lt22375,001,4,23.835,33.862,0.70388,0.45188,mip,0.64199
p0_lt22375,001,5,26.976,48.893,0.55174,0.30762,mip,0.55754
p0_lt22375,001,6,34,47.269,0.71929,0.29358,mip,0.40816
p0_lt22375,001,7,25.539,48.845,0.52285,0.32613,mip,0.62376
p0_lt22375,001,8,24.43,35.652,0.68523,0.47359,mip,0.69114
p0_lt22375,001,9,30.374,62.13,0.48887,0.26097,mip,0.53382
p0_lt22375,001,10,nan,45.794,nan,0.37172,mip+period_median_ratio,0.67828
p0_lt22375,001,11,24.386,38.21,0.6382,0.46704,mip,0.73181
p0_lt22375,100,1,19.882,89.239,0.22279,0.23305,tof,1.0461
p0_lt22375,100,2,nan,44.154,nan,0.40683,tof+period_median_ratio,0.74234
p0_lt22375,100,3,18.353,28.875,0.63559,0.50638,tof,0.79671
p0_lt22375,100,4,16.763,39.214,0.42748,0.39077,tof,0.91412
p0_lt22375,100,5,18.849,33.219,0.56743,0.42142,tof,0.74267
p0_lt22375,100,6,18.911,38.791,0.48749,0.46331,tof,0.95039
p0_lt22375,100,7,19.637,30.508,0.64367,0.52442,tof,0.81474
p0_lt22375,100,8,22,38.924,0.56521,0.37624,tof,0.66566
p0_lt22375,100,9,19.383,25.658,0.75543,0.65781,tof,0.87077
p0_lt22375,100,10,nan,nan,nan,0.72093,tof+period_median_ratio,1.3155
p0_lt22375,100,11,39.258,39.622,0.99081,0.43618,tof,0.44023
p0_lt22375,101,1,25.216,71.338,0.35347,0.29153,mip,0.82477
p0_lt22375,101,2,nan,126,nan,0.14257,mip+period_median_ratio,0.26014
p0_lt22375,101,3,25.121,47.928,0.52414,0.30508,mip,0.58206
p0_lt22375,101,4,29.072,71.968,0.40396,0.21292,mip,0.52709
p0_lt22375,101,5,22.847,33.158,0.68903,0.42219,mip,0.61273
p0_lt22375,101,6,24.488,40.929,0.5983,0.43911,mip,0.73392
p0_lt22375,101,7,32.114,43.166,0.74396,0.37064,mip,0.49819
p0_lt22375,101,8,34,59.63,0.57019,0.24559,mip,0.43072
p0_lt22375,101,9,28.045,60.579,0.46294,0.27862,mip,0.60184
p0_lt22375,101,10,nan,nan,,,,
p0_lt22375,101,11,46,40.969,1.1228,0.42185,mip,0.37571
p0_lt22375,200,1,nan,33.434,nan,0.50756,tof+period_median_ratio,0.92614
p0_lt22375,200,2,nan,22.774,nan,0.75385,tof+period_median_ratio,1.3755
p0_lt22375,200,3,nan,33.345,nan,0.43419,tof+period_median_ratio,0.79226
p0_lt22375,200,4,nan,25.789,nan,0.60037,tof+period_median_ratio,1.0955
p0_lt22375,200,5,nan,20.568,nan,0.77887,tof+period_median_ratio,1.4212
p0_lt22375,200,6,nan,22.489,nan,0.65691,tof+period_median_ratio,1.1987
p0_lt22375,200,7,nan,23.55,nan,0.84803,tof+period_median_ratio,1.5474
p0_lt22375,200,8,nan,23.856,nan,0.70063,tof+period_median_ratio,1.2784
p0_lt22375,200,9,nan,22.128,nan,0.6518,tof+period_median_ratio,1.1893
p0_lt22375,200,10,nan,27.987,nan,0.50514,tof+period_median_ratio,0.92172
p0_lt22375,200,11,nan,22.569,nan,0.84976,tof+period_median_ratio,1.5506
p1_22375,000,1,nan,37.958,,,,
p1_22375,000,2,16.876,33.651,0.5015,0.4506,tof,0.89851
p1_22375,000,3,19.279,43.02,0.44815,0.36898,tof,0.82335
p1_22375,000,4,18.678,53.59,0.34853,0.28553,tof,0.81926
p1_22375,000,5,15.109,28.743,0.52565,0.52326,tof,0.99546
p1_22375,000,6,nan,47.707,nan,0.29089,tof+period_median_ratio,0.5612
p1_22375,000,7,18,38.635,0.4659,0.41232,tof,0.885
p1_22375,000,8,18,43.129,0.41735,0.39149,tof,0.93803
p1_22375,000,9,18,37.351,0.48192,0.4341,tof,0.90078
p1_22375,000,10,nan,51.752,nan,0.32893,tof+period_median_ratio,0.63459
p1_22375,000,11,20.322,53.001,0.38342,0.33671,tof,0.87816
p1_22375,001,1,nan,54.879,,,,
p1_22375,001,2,24.789,64.368,0.38512,0.23557,mip,0.61169
p1_22375,001,3,31.501,43.228,0.72873,0.36721,mip,0.5039
p1_22375,001,4,23.276,33.862,0.68738,0.45188,mip,0.6574
p1_22375,001,5,24.985,48.893,0.51101,0.30762,mip,0.60198
p1_22375,001,6,nan,47.269,nan,0.29358,mip+period_median_ratio,0.5664
p1_22375,001,7,24.109,48.845,0.49358,0.32613,mip,0.66074
p1_22375,001,8,23.508,35.652,0.65938,0.47359,mip,0.71824
p1_22375,001,9,33.869,62.13,0.54512,0.26097,mip,0.47873
p1_22375,001,10,nan,45.794,nan,0.37172,mip+period_median_ratio,0.71715
p1_22375,001,11,22.855,38.21,0.59813,0.46704,mip,0.78083
p1_22375,100,1,19.532,89.239,0.21887,0.23305,tof,1.0648
p1_22375,100,2,nan,44.154,nan,0.40683,tof+period_median_ratio,0.78489
p1_22375,100,3,18.743,28.875,0.64909,0.50638,tof,0.78014
p1_22375,100,4,18,39.214,0.45902,0.39077,tof,0.85131
p1_22375,100,5,18.679,33.219,0.56231,0.42142,tof,0.74944
p1_22375,100,6,18.366,38.791,0.47344,0.46331,tof,0.9786
p1_22375,100,7,18,30.508,0.59002,0.52442,tof,0.88883
p1_22375,100,8,59.915,38.924,1.5393,0.37624,tof,0.24442
p1_22375,100,9,18.906,25.658,0.73683,0.65781,tof,0.89275
p1_22375,100,10,nan,nan,nan,0.72093,tof+period_median_ratio,1.3909
p1_22375,100,11,nan,39.622,nan,0.43618,tof+period_median_ratio,0.84151
p1_22375,101,1,25.082,71.338,0.35159,0.29153,mip,0.8292
p1_22375,101,2,nan,126,nan,0.14257,mip+period_median_ratio,0.27505
p1_22375,101,3,26.026,47.928,0.54303,0.30508,mip,0.56181
p1_22375,101,4,29.445,71.968,0.40914,0.21292,mip,0.52041
p1_22375,101,5,17.978,33.158,0.5422,0.42219,mip,0.77866
p1_22375,101,6,24.235,40.929,0.59212,0.43911,mip,0.74159
p1_22375,101,7,30,43.166,0.69499,0.37064,mip,0.5333
p1_22375,101,8,57.03,59.63,0.9564,0.24559,mip,0.25679
p1_22375,101,9,26.603,60.579,0.43915,0.27862,mip,0.63445
p1_22375,101,10,nan,nan,,,,
p1_22375,101,11,nan,40.969,nan,0.42185,mip+period_median_ratio,0.81386
p1_22375,200,1,nan,33.434,nan,0.50756,tof+period_median_ratio,0.97922
p1_22375,200,2,nan,22.774,nan,0.75385,tof+period_median_ratio,1.4544
p1_22375,200,3,nan,33.345,nan,0.43419,tof+period_median_ratio,0.83767
p1_22375,200,4,nan,25.789,nan,0.60037,tof+period_median_ratio,1.1583
p1_22375,200,5,nan,20.568,nan,0.77887,tof+period_median_ratio,1.5027
p1_22375,200,6,nan,22.489,nan,0.65691,tof+period_median_ratio,1.2674
p1_22375,200,7,nan,23.55,nan,0.84803,tof+period_median_ratio,1.6361
p1_22375,200,8,nan,23.856,nan,0.70063,tof+period_median_ratio,1.3517
p1_22375,200,9,nan,22.128,nan,0.6518,tof+period_median_ratio,1.2575
p1_22375,200,10,nan,27.987,nan,0.50514,tof+period_median_ratio,0.97454
p1_22375,200,11,nan,22.569,nan,0.84976,tof+period_median_ratio,1.6394
p3_22536,000,1,41.563,37.958,,,,
p3_22536,000,2,38.23,33.651,1.1361,0.4506,tof,0.39663
p3_22536,000,3,41.839,43.02,0.97255,0.36898,tof,0.37939
p3_22536,000,4,44.052,53.59,0.82201,0.28553,tof,0.34736
p3_22536,000,5,34.77,28.743,1.2097,0.52326,tof,0.43256
p3_22536,000,6,37.885,47.707,0.79411,0.29089,tof,0.3663
p3_22536,000,7,34.097,38.635,0.88255,0.41232,tof,0.4672
p3_22536,000,8,42.685,43.129,0.9897,0.39149,tof,0.39556
p3_22536,000,9,38.308,37.351,1.0256,0.4341,tof,0.42326
p3_22536,000,10,45.77,51.752,0.88441,0.32893,tof,0.37192
p3_22536,000,11,50.642,53.001,0.95549,0.33671,tof,0.35239
p3_22536,001,1,38.737,54.879,,,,
p3_22536,001,2,44.38,64.368,0.68947,0.23557,mip,0.34167
p3_22536,001,3,44.182,43.228,1.0221,0.36721,mip,0.35927
p3_22536,001,4,35.125,33.862,1.0373,0.45188,mip,0.43563
p3_22536,001,5,37.773,48.893,0.77257,0.30762,mip,0.39818
p3_22536,001,6,38.859,47.269,0.82209,0.29358,mip,0.35712
p3_22536,001,7,43.226,48.845,0.88496,0.32613,mip,0.36853
p3_22536,001,8,38.442,35.652,1.0783,0.47359,mip,0.43922
p3_22536,001,9,48.535,62.13,0.78118,0.26097,mip,0.33407
p3_22536,001,10,39.678,45.794,0.86644,0.37172,mip,0.42902
p3_22536,001,11,38.186,38.21,0.99937,0.46704,mip,0.46733
p3_22536,100,1,55.938,89.239,0.62684,0.23305,tof,0.37179
p3_22536,100,2,42.592,44.154,0.96463,0.40683,tof,0.42175
p3_22536,100,3,31.722,28.875,1.0986,0.50638,tof,0.46093
p3_22536,100,4,38.248,39.214,0.97535,0.39077,tof,0.40064
p3_22536,100,5,32.743,33.219,0.98568,0.42142,tof,0.42754
p3_22536,100,6,57.309,38.791,1.4774,0.46331,tof,0.3136
p3_22536,100,7,41.955,30.508,1.3752,0.52442,tof,0.38133
p3_22536,100,8,37.427,38.924,0.96154,0.37624,tof,0.39129
p3_22536,100,9,38.846,25.658,1.514,0.65781,tof,0.43449
p3_22536,100,10,nan,nan,nan,0.72093,tof+period_median_ratio,0.70292
p3_22536,100,11,48.234,39.622,1.2173,0.43618,tof,0.35831
p3_22536,101,1,56.051,71.338,0.78571,0.29153,mip,0.37105
p3_22536,101,2,132.44,126,1.0511,0.14257,mip,0.13564
p3_22536,101,3,35.718,47.928,0.74524,0.30508,mip,0.40937
p3_22536,101,4,49.404,71.968,0.68647,0.21292,mip,0.31017
p3_22536,101,5,36.616,33.158,1.1043,0.42219,mip,0.38232
p3_22536,101,6,59.544,40.929,1.4548,0.43911,mip,0.30183
p3_22536,101,7,45.289,43.166,1.0492,0.37064,mip,0.35326
p3_22536,101,8,53.529,59.63,0.89769,0.24559,mip,0.27358
p3_22536,101,9,52.012,60.579,0.85858,0.27862,mip,0.32451
p3_22536,101,10,nan,nan,,,,
p3_22536,101,11,44.479,40.969,1.0857,0.42185,mip,0.38856
p3_22536,200,1,38.58,33.434,1.1539,0.50756,tof,0.43986
p3_22536,200,2,28.487,22.774,1.2509,0.75385,tof,0.60266
p3_22536,200,3,38.753,33.345,1.1622,0.43419,tof,0.3736
p3_22536,200,4,32.783,25.789,1.2712,0.60037,tof,0.47228
p3_22536,200,5,28.094,20.568,1.3659,0.77887,tof,0.57021
p3_22536,200,6,34.017,22.489,1.5126,0.65691,tof,0.43429
p3_22536,200,7,29.252,23.55,1.2421,0.84803,tof,0.68273
p3_22536,200,8,29.328,23.856,1.2294,0.70063,tof,0.5699
p3_22536,200,9,34.374,22.128,1.5534,0.6518,tof,0.4196
p3_22536,200,10,33.234,27.987,1.1874,0.50514,tof,0.4254
p3_22536,200,11,26.305,22.569,1.1656,0.84976,tof,0.72906
p4_22695,000,1,nan,37.958,,,,
p4_22695,000,2,53.174,33.651,1.5801,0.4506,tof,0.28516
p4_22695,000,3,57.378,43.02,1.3338,0.36898,tof,0.27665
p4_22695,000,4,72.415,53.59,1.3513,0.28553,tof,0.21131
p4_22695,000,5,51.682,28.743,1.7981,0.52326,tof,0.29102
p4_22695,000,6,61.384,47.707,1.2867,0.29089,tof,0.22607
p4_22695,000,7,55.076,38.635,1.4256,0.41232,tof,0.28923
p4_22695,000,8,66.741,43.129,1.5475,0.39149,tof,0.25299
p4_22695,000,9,57.625,37.351,1.5428,0.4341,tof,0.28137
p4_22695,000,10,71.279,51.752,1.3773,0.32893,tof,0.23882
p4_22695,000,11,76.885,53.001,1.4507,0.33671,tof,0.23211
p4_22695,001,1,nan,54.879,,,,
p4_22695,001,2,75.631,64.368,1.175,0.23557,mip,0.20049
p4_22695,001,3,58,43.228,1.3417,0.36721,mip,0.27368
p4_22695,001,4,63.862,33.862,1.8859,0.45188,mip,0.23961
p4_22695,001,5,60.058,48.893,1.2284,0.30762,mip,0.25043
p4_22695,001,6,53.004,47.269,1.1213,0.29358,mip,0.26182
p4_22695,001,7,64.719,48.845,1.325,0.32613,mip,0.24614
p4_22695,001,8,63.548,35.652,1.7824,0.47359,mip,0.2657
p4_22695,001,9,76.135,62.13,1.2254,0.26097,mip,0.21296
p4_22695,001,10,72.816,45.794,1.5901,0.37172,mip,0.23377
p4_22695,001,11,52.657,38.21,1.3781,0.46704,mip,0.3389
p4_22695,100,1,nan,89.239,nan,0.23305,tof+period_median_ratio,0.16625
p4_22695,100,2,nan,44.154,nan,0.40683,tof+period_median_ratio,0.29021
p4_22695,100,3,nan,28.875,nan,0.50638,tof+period_median_ratio,0.36123
p4_22695,100,4,nan,39.214,nan,0.39077,tof+period_median_ratio,0.27875
p4_22695,100,5,47.992,33.219,1.4447,0.42142,tof,0.2917
p4_22695,100,6,nan,38.791,nan,0.46331,tof+period_median_ratio,0.3305
p4_22695,100,7,nan,30.508,nan,0.52442,tof+period_median_ratio,0.3741
p4_22695,100,8,nan,38.924,nan,0.37624,tof+period_median_ratio,0.26839
p4_22695,100,9,nan,25.658,nan,0.65781,tof+period_median_ratio,0.46925
p4_22695,100,10,nan,nan,nan,0.72093,tof+period_median_ratio,0.51427
p4_22695,100,11,nan,39.622,nan,0.43618,tof+period_median_ratio,0.31115
p4_22695,101,1,nan,71.338,nan,0.29153,mip+period_median_ratio,0.20797
p4_22695,101,2,nan,126,nan,0.14257,mip+period_median_ratio,0.1017
p4_22695,101,3,nan,47.928,nan,0.30508,mip+period_median_ratio,0.21763
p4_22695,101,4,nan,71.968,nan,0.21292,mip+period_median_ratio,0.15189
p4_22695,101,5,54.449,33.158,1.6421,0.42219,mip,0.2571
p4_22695,101,6,nan,40.929,nan,0.43911,mip+period_median_ratio,0.31324
p4_22695,101,7,nan,43.166,nan,0.37064,mip+period_median_ratio,0.26439
p4_22695,101,8,nan,59.63,nan,0.24559,mip+period_median_ratio,0.17519
p4_22695,101,9,nan,60.579,nan,0.27862,mip+period_median_ratio,0.19875
p4_22695,101,10,nan,nan,,,,
p4_22695,101,11,nan,40.969,nan,0.42185,mip+period_median_ratio,0.30093
p4_22695,200,1,nan,33.434,nan,0.50756,tof+period_median_ratio,0.36207
p4_22695,200,2,nan,22.774,nan,0.75385,tof+period_median_ratio,0.53776
p4_22695,200,3,nan,33.345,nan,0.43419,tof+period_median_ratio,0.30973
p4_22695,200,4,nan,25.789,nan,0.60037,tof+period_median_ratio,0.42827
p4_22695,200,5,nan,20.568,nan,0.77887,tof+period_median_ratio,0.55561
p4_22695,200,6,nan,22.489,nan,0.65691,tof+period_median_ratio,0.46861
p4_22695,200,7,nan,23.55,nan,0.84803,tof+period_median_ratio,0.60495
p4_22695,200,8,nan,23.856,nan,0.70063,tof+period_median_ratio,0.4998
p4_22695,200,9,nan,22.128,nan,0.6518,tof+period_median_ratio,0.46496
p4_22695,200,10,nan,27.987,nan,0.50514,tof+period_median_ratio,0.36034
p4_22695,200,11,nan,22.569,nan,0.84976,tof+period_median_ratio,0.60618
p5_22698,000,1,37.958,37.958,,,,
p5_22698,000,2,33.651,33.651,1,0.4506,tof,0.4506
p5_22698,000,3,43.02,43.02,1,0.36898,tof,0.36898
p5_22698,000,4,53.59,53.59,1,0.28553,tof,0.28553
p5_22698,000,5,28.743,28.743,1,0.52326,tof,0.52326
p5_22698,000,6,47.707,47.707,1,0.29089,tof,0.29089
p5_22698,000,7,38.635,38.635,1,0.41232,tof,0.41232
p5_22698,000,8,43.129,43.129,1,0.39149,tof,0.39149
p5_22698,000,9,37.351,37.351,1,0.4341,tof,0.4341
p5_22698,000,10,51.752,51.752,1,0.32893,tof,0.32893
p5_22698,000,11,53.001,53.001,1,0.33671,tof,0.33671
p5_22698,001,1,54.879,54.879,,,,
p5_22698,001,2,64.368,64.368,1,0.23557,mip,0.23557
p5_22698,001,3,43.228,43.228,1,0.36721,mip,0.36721
p5_22698,001,4,33.862,33.862,1,0.45188,mip,0.45188
p5_22698,001,5,48.893,48.893,1,0.30762,mip,0.30762
p5_22698,001,6,47.269,47.269,1,0.29358,mip,0.29358
p5_22698,001,7,48.845,48.845,1,0.32613,mip,0.32613
p5_22698,001,8,35.652,35.652,1,0.47359,mip,0.47359
p5_22698,001,9,62.13,62.13,1,0.26097,mip,0.26097
p5_22698,001,10,45.794,45.794,1,0.37172,mip,0.37172
p5_22698,001,11,38.21,38.21,1,0.46704,mip,0.46704
p5_22698,100,1,89.239,89.239,1,0.23305,tof,0.23305
p5_22698,100,2,44.154,44.154,1,0.40683,tof,0.40683
p5_22698,100,3,28.875,28.875,1,0.50638,tof,0.50638
p5_22698,100,4,39.214,39.214,1,0.39077,tof,0.39077
p5_22698,100,5,33.219,33.219,1,0.42142,tof,0.42142
p5_22698,100,6,38.791,38.791,1,0.46331,tof,0.46331
p5_22698,100,7,30.508,30.508,1,0.52442,tof,0.52442
p5_22698,100,8,38.924,38.924,1,0.37624,tof,0.37624
p5_22698,100,9,25.658,25.658,1,0.65781,tof,0.65781
p5_22698,100,10,nan,nan,nan,0.72093,tof,0.72093
p5_22698,100,11,39.622,39.622,1,0.43618,tof,0.43618
p5_22698,101,1,71.338,71.338,1,0.29153,mip,0.29153
p5_22698,101,2,126,126,1,0.14257,mip,0.14257
p5_22698,101,3,47.928,47.928,1,0.30508,mip,0.30508
p5_22698,101,4,71.968,71.968,1,0.21292,mip,0.21292
p5_22698,101,5,33.158,33.158,1,0.42219,mip,0.42219
p5_22698,101,6,40.929,40.929,1,0.43911,mip,0.43911
p5_22698,101,7,43.166,43.166,1,0.37064,mip,0.37064
p5_22698,101,8,59.63,59.63,1,0.24559,mip,0.24559
p5_22698,101,9,60.579,60.579,1,0.27862,mip,0.27862
p5_22698,101,10,nan,nan,,,,
p5_22698,101,11,40.969,40.969,1,0.42185,mip,0.42185
p5_22698,200,1,33.434,33.434,1,0.50756,tof,0.50756
p5_22698,200,2,22.774,22.774,1,0.75385,tof,0.75385
p5_22698,200,3,33.345,33.345,1,0.43419,tof,0.43419
p5_22698,200,4,25.789,25.789,1,0.60037,tof,0.60037
p5_22698,200,5,20.568,20.568,1,0.77887,tof,0.77887
p5_22698,200,6,22.489,22.489,1,0.65691,tof,0.65691
p5_22698,200,7,23.55,23.55,1,0.84803,tof,0.84803
p5_22698,200,8,23.856,23.856,1,0.70063,tof,0.70063
p5_22698,200,9,22.128,22.128,1,0.6518,tof,0.6518
p5_22698,200,10,27.987,27.987,1,0.50514,tof,0.50514
p5_22698,200,11,22.569,22.569,1,0.84976,tof,0.84976
