spec,cat,var,plane,bar,mu,emu,sigma,esigma,fwhm,nsig,sb,ok,expected_Lc
P,all,tofc,total,-1,0.3952,0.0125,1.8051,0.018,7.4729,357469.7556,0.3897,True,
P,all,tofc,000,-1,0.3813,0.0264,1.5903,0.0381,3.8511,58584.0222,0.3811,True,
P,all,tofc,000,0,0.0313,0.074,1.2925,0.1034,1.0869,3577.5,0.4522,True,
P,all,tofc,000,1,0.2935,0.08,1.0161,0.1095,1.7676,2498.0889,0.4882,True,
P,all,tofc,000,2,0.5716,0.0927,1.4692,0.1332,1.4743,4237.0667,0.4078,True,
P,all,tofc,000,3,0.5659,0.0713,1.4035,0.0997,1.543,5945.5111,0.3972,True,
P,all,tofc,000,4,0.4532,0.1316,1.7592,0.1814,0.2934,3912.0222,0.3227,True,
P,all,tofc,000,5,0.228,0.0916,1.6041,0.1254,2.9651,6261.7222,0.3323,True,
P,all,tofc,000,6,0.9702,0.1414,2.3708,0.2069,3.1778,6810.4667,0.3279,True,
P,all,tofc,000,7,0.6652,0.1063,1.9073,0.1517,2.4238,7127.4,0.33,True,
P,all,tofc,000,8,0.6584,0.1032,1.5739,0.1438,2.3602,4924.7111,0.3443,True,
P,all,tofc,000,9,0.2838,0.0631,1.4736,0.0933,2.5839,8294.8556,0.4041,True,
P,all,tofc,000,10,0.2599,0.087,1.8206,0.1259,2.7114,6534.1222,0.5143,True,
P,all,tofc,001,-1,0.2221,0.0249,1.616,0.0354,3.6073,53779.8778,0.5431,True,
P,all,tofc,001,0,0.1078,0.0814,1.4807,0.1139,2.0867,3868.4111,0.5431,True,
P,all,tofc,001,1,0.025,0.0892,1.6069,0.1308,1.2793,4961.1667,0.4206,True,
P,all,tofc,001,2,-0.283,0.0848,1.6059,0.1161,1.9616,4185.1444,0.6325,True,
P,all,tofc,001,3,0.4282,0.0744,1.433,0.1025,2.7473,3907.9222,0.6724,True,
P,all,tofc,001,4,0.2288,0.0686,1.5827,0.0934,1.9757,5144.9556,0.5603,True,
P,all,tofc,001,5,0.363,0.0825,1.6703,0.1311,2.5666,5392.1889,0.5429,True,
P,all,tofc,001,6,0.6039,0.1047,1.8679,0.1384,1.0807,5072.1333,0.4238,True,
P,all,tofc,001,7,0.1147,0.0842,1.4921,0.1183,2.3308,4265.3111,0.576,True,
P,all,tofc,001,8,0.202,0.0651,1.4671,0.092,2.1751,6090.9556,0.5465,True,
P,all,tofc,001,9,0.403,0.0738,1.5421,0.108,2.1508,5409.4444,0.605,True,
P,all,tofc,001,10,0.1814,0.068,1.4528,0.0985,2.2683,4347.6,0.7533,True,
P,all,tofc,100,-1,2.0872,0.0548,3.509,0.0711,8.6811,139405.8222,0.2787,True,
P,all,tofc,100,0,1.105,0.1022,2.3378,0.147,3.7571,16922.4889,0.2294,True,
P,all,tofc,100,1,0.6295,0.0886,1.7829,0.1254,2.2779,8324.4444,0.3925,True,
P,all,tofc,100,2,3.5141,0.1846,4.7347,0.2429,4.1005,14072.8333,0.2962,True,
P,all,tofc,100,3,1.6908,0.1357,3.0453,0.1796,6.3384,14883.0333,0.3364,True,
P,all,tofc,100,4,1.1501,0.1297,2.6515,0.1727,4.5412,12525.8222,0.375,True,
P,all,tofc,100,5,0.6255,0.0773,1.5128,0.1076,5.8833,7909.9556,0.4162,True,
P,all,tofc,100,6,2.5446,0.1487,4.1421,0.2012,4.2837,14698.8444,0.2993,True,
P,all,tofc,100,7,1.194,0.1023,2.5386,0.1369,3.147,14187.0222,0.3564,True,
P,all,tofc,100,8,3.6994,0.2411,4.8854,0.315,1.5171,15396.8889,0.1842,True,
P,all,tofc,100,9,2.0039,0.4244,3.2141,0.4831,0.7151,6965.3,0.3026,True,
P,all,tofc,100,10,2.1835,0.1161,3.3703,0.1479,3.3569,17175.7556,0.3192,True,
P,all,tofc,101,-1,0.1548,0.0208,1.5805,0.0297,6.2377,77276.9333,0.5416,True,
P,all,tofc,101,0,0.0643,0.0533,1.3922,0.0724,2.3193,8289.6222,0.5622,True,
P,all,tofc,101,1,nan,nan,nan,nan,nan,0.0,nan,False,
P,all,tofc,101,2,0.2555,0.0623,1.5567,0.0858,2.8527,7630.3889,0.6274,True,
P,all,tofc,101,3,0.5264,0.0943,2.2178,0.1313,3.8889,11739.2111,0.3185,True,
P,all,tofc,101,4,0.2624,0.0663,1.613,0.09,2.7501,6660.5778,0.6401,True,
P,all,tofc,101,5,0.1067,0.0608,1.3896,0.0871,2.6799,6195.2667,0.6291,True,
P,all,tofc,101,6,0.4338,0.0705,1.7724,0.1001,3.0655,8045.6,0.5946,True,
P,all,tofc,101,7,0.0014,0.0463,1.3537,0.067,2.6192,9535.1,0.5856,True,
P,all,tofc,101,8,0.0525,0.0552,1.5473,0.0765,3.1939,10293.2556,0.5229,True,
P,all,tofc,101,9,-5.7767,0.0816,2.2556,0.1109,3.4273,11074.2667,0.4969,True,
P,all,tofc,101,10,0.1439,0.0528,1.5619,0.0756,2.8339,9221.2222,0.7084,True,
P,all,tofc,200,-1,0.394,0.0333,1.8217,0.0484,6.1894,63322.6333,0.3082,True,
P,all,tofc,200,0,0.1192,0.0635,1.5383,0.0891,2.7456,7056.9556,0.5082,True,
P,all,tofc,200,1,-0.0186,0.1069,1.4983,0.1529,2.0585,3882.5,0.3024,True,
P,all,tofc,200,2,0.9624,0.1306,2.4614,0.1755,2.2509,10272.3444,0.2858,True,
P,all,tofc,200,3,0.4071,0.1124,1.537,0.1561,1.0366,4498.8444,0.3067,True,
P,all,tofc,200,4,-0.0136,0.1469,1.5699,0.2081,1.0768,2733.3111,0.238,True,
P,all,tofc,200,5,0.2915,0.0933,1.2479,0.129,1.9516,4020.9444,0.3185,True,
P,all,tofc,200,6,0.0483,0.1743,1.9876,0.2297,0.6321,3342.2222,0.2123,True,
P,all,tofc,200,7,0.6769,0.1147,1.8163,0.1655,1.2432,5299.3778,0.3062,True,
P,all,tofc,200,8,0.461,0.1096,1.8685,0.1515,3.2065,6491.1556,0.2857,True,
P,all,tofc,200,9,0.7241,0.0839,1.8056,0.1161,3.4836,9858.1778,0.3753,True,
P,all,tofc,200,10,1.2654,0.22,3.3039,0.3115,1.4138,6698.6222,0.2247,True,
P,all,tofcrf,total,-1,0.4632,0.011,1.4705,0.0163,7.0277,305159.9333,0.4103,True,
P,all,tofcrf,000,-1,0.5295,0.0254,1.41,0.0365,3.8153,53686.5,0.3922,True,
P,all,tofcrf,000,0,0.2684,0.0659,1.0975,0.0982,1.4655,3207.9667,0.4776,True,
P,all,tofcrf,000,1,0.5005,0.0895,1.4572,0.126,1.2445,3212.5444,0.4398,True,
P,all,tofcrf,000,2,0.6362,0.0845,1.3567,0.1266,1.572,4015.5222,0.4215,True,
P,all,tofcrf,000,3,0.64,0.069,1.393,0.0985,1.6373,5964.2556,0.3982,True,
P,all,tofcrf,000,4,0.6159,0.1349,1.7537,0.1977,1.2814,3876.7778,0.3201,True,
P,all,tofcrf,000,5,0.2747,0.0678,1.0076,0.0983,1.7152,4500.2333,0.3786,True,
P,all,tofcrf,000,6,0.8616,0.0985,1.5687,0.1347,2.3839,4977.9778,0.3653,True,
P,all,tofcrf,000,7,0.7195,0.0931,1.6219,0.1352,2.1398,6159.0333,0.3331,True,
P,all,tofcrf,000,8,0.7426,0.0986,1.4717,0.1367,0.6642,4651.0778,0.3469,True,
P,all,tofcrf,000,9,0.4541,0.0586,1.2602,0.0862,2.3094,7312.5889,0.4189,True,
P,all,tofcrf,000,10,0.2947,0.0596,1.2104,0.0876,1.8187,4974.0556,0.5793,True,
P,all,tofcrf,001,-1,0.3444,0.0212,1.3608,0.0306,2.9958,47825.0333,0.5797,True,
P,all,tofcrf,001,0,0.3505,0.0767,1.4358,0.1108,1.7023,3799.1778,0.5423,True,
P,all,tofcrf,001,1,0.226,0.0781,1.3239,0.1152,2.0502,4368.9889,0.4456,True,
P,all,tofcrf,001,2,-0.1951,0.0739,1.348,0.1087,2.0403,3755.1667,0.6711,True,
P,all,tofcrf,001,3,0.5885,0.0871,1.4674,0.1213,2.542,3943.1889,0.6564,True,
P,all,tofcrf,001,4,0.3432,0.0661,1.3409,0.0933,2.4959,4706.6222,0.5967,True,
P,all,tofcrf,001,5,0.4593,0.055,1.0828,0.0811,1.7314,4046.8,0.616,True,
P,all,tofcrf,001,6,0.6008,0.1076,1.7151,0.1484,1.6863,4731.9,0.4294,True,
P,all,tofcrf,001,7,0.2432,0.0545,0.9369,0.0795,1.7716,3323.0444,0.6905,True,
P,all,tofcrf,001,8,0.3296,0.0575,1.3108,0.0849,1.581,5626.7556,0.5719,True,
P,all,tofcrf,001,9,0.5621,0.0635,1.3338,0.0956,2.0216,4992.4778,0.6293,True,
P,all,tofcrf,001,10,0.3902,0.0537,1.1038,0.0793,1.8604,3773.7111,0.8571,True,
P,all,tofcrf,100,-1,1.6696,0.05,2.8529,0.0654,8.0892,121342.2,0.2995,True,
P,all,tofcrf,100,0,0.9536,0.0811,1.5661,0.1145,3.1729,12262.2889,0.248,True,
P,all,tofcrf,100,1,0.6907,0.0823,1.5497,0.1144,3.6772,7213.0556,0.3884,True,
P,all,tofcrf,100,2,3.0747,0.2268,4.1424,0.2771,2.2969,13107.1222,0.3138,True,
P,all,tofcrf,100,3,1.0643,0.0885,2.0553,0.1197,1.9891,11075.8,0.3678,True,
P,all,tofcrf,100,4,1.0911,0.1145,2.3795,0.1536,5.4689,11572.8,0.3865,True,
P,all,tofcrf,100,5,0.5926,0.0704,1.2539,0.0997,1.3694,6632.1333,0.4161,True,
P,all,tofcrf,100,6,2.8451,0.1547,4.0667,0.2007,3.0407,14600.1778,0.3044,True,
P,all,tofcrf,100,7,1.0714,0.093,2.2318,0.1284,2.322,12963.2444,0.3691,True,
P,all,tofcrf,100,8,4.0603,0.2266,4.8664,0.2934,0.4138,15407.3333,0.1852,True,
P,all,tofcrf,100,9,0.9,0.1405,1.6822,0.1999,1.9396,3732.8667,0.31,True,
P,all,tofcrf,100,10,2.2728,0.1215,3.2745,0.1612,6.3182,16788.5222,0.3216,True,
P,all,tofcrf,101,-1,0.2952,0.0182,1.3379,0.0271,3.1306,68205.4778,0.5755,True,
P,all,tofcrf,101,0,0.2376,0.0461,1.2195,0.0644,2.1753,7629.1111,0.5895,True,
P,all,tofcrf,101,1,8.2288,0.1355,3.1457,0.1807,2.1593,14313.5889,0.259,True,
P,all,tofcrf,101,2,0.3696,0.0555,1.2773,0.0831,2.6077,6599.4556,0.6584,True,
P,all,tofcrf,101,3,0.4314,0.0798,1.8329,0.1109,2.3958,10115.8222,0.3338,True,
P,all,tofcrf,101,4,0.3833,0.058,1.3353,0.0795,2.5157,5724.5222,0.6624,True,
P,all,tofcrf,101,5,0.1954,0.0474,1.0109,0.0703,1.4809,5161.2556,0.699,True,
P,all,tofcrf,101,6,0.4911,0.0658,1.5488,0.0968,2.6141,7302.7111,0.6172,True,
P,all,tofcrf,101,7,0.1723,0.0379,0.8953,0.0536,1.801,7366.5,0.6846,True,
P,all,tofcrf,101,8,0.2438,0.0508,1.3931,0.0792,2.0612,9615.6556,0.5398,True,
P,all,tofcrf,101,9,-5.8457,0.0681,1.9178,0.0918,3.7961,9834.1556,0.5228,True,
P,all,tofcrf,101,10,0.3191,0.0497,1.4248,0.0736,2.0684,8677.2778,0.7241,True,
P,all,tofcrf,200,-1,0.4165,0.0283,1.4145,0.0414,3.4879,52491.2111,0.326,True,
P,all,tofcrf,200,0,0.2914,0.0469,1.0103,0.0708,1.3668,5589.2667,0.5944,True,
P,all,tofcrf,200,1,nan,nan,nan,nan,nan,0.0,nan,False,
P,all,tofcrf,200,2,0.9677,0.1119,2.1902,0.1564,1.6609,9507.7333,0.2942,True,
P,all,tofcrf,200,3,0.2877,0.0777,1.0,0.1153,1.654,3132.8444,0.3229,True,
P,all,tofcrf,200,4,0.1153,0.1304,1.4249,0.2037,1.0353,2522.8889,0.2424,True,
P,all,tofcrf,200,5,0.5328,0.0857,0.9418,0.1138,1.8965,3229.0333,0.3348,True,
P,all,tofcrf,200,6,0.0814,0.1558,1.7019,0.2241,0.6143,3015.1,0.2248,True,
P,all,tofcrf,200,7,0.5634,0.1023,1.454,0.1443,2.3353,4400.7111,0.3188,True,
P,all,tofcrf,200,8,0.6678,0.1154,1.9725,0.1625,3.1161,6776.8222,0.2796,True,
P,all,tofcrf,200,9,0.6578,0.0592,1.2471,0.0812,2.2383,7493.0111,0.4085,True,
P,all,tofcrf,200,10,0.8764,0.1757,2.2687,0.2323,0.1723,5035.5111,0.2443,True,
P,all,tof,000,0,21.0848,0.0948,1.3906,0.1245,2.4755,3611.7778,0.4324,True,20.9649
P,all,tof,000,1,21.3041,0.0929,1.1946,0.1231,2.0673,2717.5778,0.465,True,20.849
P,all,tof,000,2,21.8262,0.1626,1.8635,0.2123,2.3323,5161.4667,0.3926,True,20.7584
P,all,tof,000,3,21.6458,0.0874,1.8289,0.1227,2.8983,7283.0444,0.3698,True,20.6935
P,all,tof,000,4,21.6378,0.1553,2.4175,0.207,1.4916,5134.2556,0.3101,True,20.6544
P,all,tof,000,5,21.4183,0.1083,2.0373,0.1379,1.8301,7532.5778,0.3169,True,20.6414
P,all,tof,000,6,23.1429,0.173,3.5656,0.224,2.584,9355.0333,0.3028,True,20.6544
P,all,tof,000,7,22.8991,0.1601,3.4976,0.2099,1.6618,11382.2444,0.29,True,20.6935
P,all,tof,000,8,23.0291,0.1864,3.5941,0.2415,1.8761,9260.7222,0.2861,True,20.7584
P,all,tof,000,9,21.6242,0.0785,1.8066,0.1093,3.4431,9744.9333,0.3908,True,20.849
P,all,tof,000,10,21.425,0.082,1.938,0.1191,2.8142,6753.9222,0.4978,True,20.9649
P,all,tof,001,0,22.6353,0.0948,1.7786,0.1404,2.2185,4251.9444,0.4978,True,22.2712
P,all,tof,001,1,22.5175,0.1089,1.8852,0.1645,2.8758,5445.7889,0.3953,True,22.1622
P,all,tof,001,2,21.9658,0.097,1.8604,0.1342,3.5846,4600.7222,0.6029,True,22.077
P,all,tof,001,3,22.7085,0.0847,1.7457,0.1161,2.2469,4380.3444,0.625,True,22.0159
P,all,tof,001,4,22.4954,0.0837,1.7819,0.1183,2.751,5594.3111,0.542,True,21.9792
P,all,tof,001,5,22.6385,0.0957,2.0553,0.1422,4.0131,6177.0,0.5102,True,21.9669
P,all,tof,001,6,22.9771,0.1109,2.2079,0.148,1.1699,5714.5333,0.4078,True,21.9792
P,all,tof,001,7,22.4547,0.086,1.6513,0.1202,2.806,4705.1667,0.57,True,22.0159
P,all,tof,001,8,22.5591,0.0818,1.783,0.1146,2.9502,6872.5778,0.5069,True,22.077
P,all,tof,001,9,22.9137,0.0884,1.9023,0.1275,2.4728,6329.9111,0.5703,True,22.1622
P,all,tof,001,10,22.7367,0.0734,1.62,0.1032,2.6803,4724.8444,0.7321,True,22.2712
P,all,tof,100,0,19.4818,0.1101,2.5026,0.152,5.8378,17618.0111,0.2225,True,17.9292
P,all,tof,100,1,18.6545,0.0849,1.668,0.1151,2.9907,7960.4667,0.4037,True,17.7935
P,all,tof,100,2,21.237,0.2527,4.6625,0.3201,1.8871,13950.0667,0.2985,True,17.6873
P,all,tof,100,3,19.5613,0.1373,3.0034,0.1803,2.458,14648.5444,0.3338,True,17.611
P,all,tof,100,4,18.6469,0.1019,2.2762,0.1453,1.4897,11078.8333,0.3858,True,17.5651
P,all,tof,100,5,18.8702,0.1236,2.2427,0.17,4.5324,10958.0556,0.3927,True,17.5497
P,all,tof,100,6,20.395,0.1508,4.1392,0.2021,0.6829,14661.3556,0.3003,True,17.5651
P,all,tof,100,7,19.3113,0.1103,2.7587,0.1448,5.2322,15152.1222,0.3467,True,17.611
P,all,tof,100,8,nan,nan,nan,nan,nan,0.0,nan,False,17.6873
P,all,tof,100,9,nan,nan,nan,nan,nan,0.0,nan,False,17.7935
P,all,tof,100,10,20.2848,0.1276,3.287,0.1669,5.6646,16797.6222,0.3219,True,17.9292
P,all,tof,101,0,19.6648,0.0574,1.5181,0.081,2.8769,8788.0222,0.5483,True,19.3011
P,all,tof,101,1,nan,nan,nan,nan,nan,0.0,nan,False,19.1751
P,all,tof,101,2,19.5855,0.0652,1.7031,0.0861,3.6082,8139.3162,0.6111,True,19.0765
P,all,tof,101,3,19.8306,0.0942,2.2744,0.1346,3.4186,11991.1687,0.3187,True,19.0058
P,all,tof,101,4,19.494,0.0716,1.7055,0.098,2.9836,7097.7667,0.6334,True,18.9633
P,all,tof,101,5,19.4472,0.0695,1.6496,0.1013,2.2369,6985.0081,0.5925,True,18.9491
P,all,tof,101,6,19.7258,0.0777,2.031,0.1116,3.7301,8812.6303,0.5724,True,18.9633
P,all,tof,101,7,19.3639,0.0508,1.5037,0.0721,3.0086,10129.9141,0.5713,True,19.0058
P,all,tof,101,8,19.5285,0.0602,1.7486,0.0846,3.0149,11204.8455,0.5056,True,19.0765
P,all,tof,101,9,14.0336,0.0683,1.8511,0.0972,3.0501,9843.303,0.5427,True,19.1751
P,all,tof,101,10,19.7773,0.0539,1.6104,0.0768,2.3816,9463.4283,0.7054,True,19.3011
P,all,tof,200,0,21.2228,0.072,1.691,0.1,1.5564,7605.0,0.4924,True,20.824
P,all,tof,200,1,20.9487,0.11,1.6416,0.1439,2.3519,4176.5556,0.2961,True,20.7073
P,all,tof,200,2,22.0933,0.1267,2.8133,0.1773,4.6164,11180.3222,0.2704,True,20.6161
P,all,tof,200,3,21.2292,0.1076,1.6088,0.1483,0.8876,4663.1444,0.3033,True,20.5507
P,all,tof,200,4,20.6646,0.1377,1.4451,0.202,1.1906,2546.4,0.2406,True,20.5113
P,all,tof,200,5,21.2978,0.1205,1.7305,0.1659,1.7465,5179.4,0.299,True,20.4982
P,all,tof,200,6,20.7849,0.1739,1.877,0.2477,0.6546,3153.6222,0.2136,True,20.5113
P,all,tof,200,7,21.6298,0.1298,2.0262,0.1786,2.8424,5663.4889,0.2952,True,20.5507
P,all,tof,200,8,21.6848,0.1381,2.3609,0.1872,2.4529,7912.4444,0.2723,True,20.6161
P,all,tof,200,9,21.7099,0.0837,1.9991,0.1174,3.4648,10447.6444,0.3587,True,20.7073
P,all,tof,200,10,22.3551,0.2116,3.257,0.2939,0.339,6576.9,0.2243,True,20.824
P,back,tofc,total,-1,0.1827,0.0154,1.5964,0.0221,3.8279,130370.7111,0.5428,True,
P,back,tofc,001,-1,0.2221,0.0249,1.616,0.0354,3.6073,53779.8778,0.5431,True,
P,back,tofc,001,0,0.1078,0.0814,1.4807,0.1139,2.0867,3868.4111,0.5431,True,
P,back,tofc,001,1,0.025,0.0892,1.6069,0.1308,1.2793,4961.1667,0.4206,True,
P,back,tofc,001,2,-0.283,0.0848,1.6059,0.1161,1.9616,4185.1444,0.6325,True,
P,back,tofc,001,3,0.4282,0.0744,1.433,0.1025,2.7473,3907.9222,0.6724,True,
P,back,tofc,001,4,0.2288,0.0686,1.5827,0.0934,1.9757,5144.9556,0.5603,True,
P,back,tofc,001,5,0.363,0.0825,1.6703,0.1311,2.5666,5392.1889,0.5429,True,
P,back,tofc,001,6,0.6039,0.1047,1.8679,0.1384,1.0807,5072.1333,0.4238,True,
P,back,tofc,001,7,0.1147,0.0842,1.4921,0.1183,2.3308,4265.3111,0.576,True,
P,back,tofc,001,8,0.202,0.0651,1.4671,0.092,2.1751,6090.9556,0.5465,True,
P,back,tofc,001,9,0.403,0.0738,1.5421,0.108,2.1508,5409.4444,0.605,True,
P,back,tofc,001,10,0.1814,0.068,1.4528,0.0985,2.2683,4347.6,0.7533,True,
P,back,tofc,101,-1,0.1548,0.0208,1.5805,0.0297,6.2377,77276.9333,0.5416,True,
P,back,tofc,101,0,0.0643,0.0533,1.3922,0.0724,2.3193,8289.6222,0.5622,True,
P,back,tofc,101,1,nan,nan,nan,nan,nan,0.0,nan,False,
P,back,tofc,101,2,0.2555,0.0623,1.5567,0.0858,2.8527,7630.3889,0.6274,True,
P,back,tofc,101,3,0.5264,0.0943,2.2178,0.1313,3.8889,11739.2111,0.3185,True,
P,back,tofc,101,4,0.2624,0.0663,1.613,0.09,2.7501,6660.5778,0.6401,True,
P,back,tofc,101,5,0.1067,0.0608,1.3896,0.0871,2.6799,6195.2667,0.6291,True,
P,back,tofc,101,6,0.4338,0.0705,1.7724,0.1001,3.0655,8045.6,0.5946,True,
P,back,tofc,101,7,0.0014,0.0463,1.3537,0.067,2.6192,9535.1,0.5856,True,
P,back,tofc,101,8,0.0525,0.0552,1.5473,0.0765,3.1939,10293.2556,0.5229,True,
P,back,tofc,101,9,-5.7767,0.0816,2.2556,0.1109,3.4273,11074.2667,0.4969,True,
P,back,tofc,101,10,0.1439,0.0528,1.5619,0.0756,2.8339,9221.2222,0.7084,True,
P,back,tofcrf,total,-1,0.3175,0.0133,1.3511,0.0197,3.2272,117105.7111,0.5763,True,
P,back,tofcrf,001,-1,0.3444,0.0212,1.3608,0.0306,2.9958,47825.0333,0.5797,True,
P,back,tofcrf,001,0,0.3505,0.0767,1.4358,0.1108,1.7023,3799.1778,0.5423,True,
P,back,tofcrf,001,1,0.226,0.0781,1.3239,0.1152,2.0502,4368.9889,0.4456,True,
P,back,tofcrf,001,2,-0.1951,0.0739,1.348,0.1087,2.0403,3755.1667,0.6711,True,
P,back,tofcrf,001,3,0.5885,0.0871,1.4674,0.1213,2.542,3943.1889,0.6564,True,
P,back,tofcrf,001,4,0.3432,0.0661,1.3409,0.0933,2.4959,4706.6222,0.5967,True,
P,back,tofcrf,001,5,0.4593,0.055,1.0828,0.0811,1.7314,4046.8,0.616,True,
P,back,tofcrf,001,6,0.6008,0.1076,1.7151,0.1484,1.6863,4731.9,0.4294,True,
P,back,tofcrf,001,7,0.2432,0.0545,0.9369,0.0795,1.7716,3323.0444,0.6905,True,
P,back,tofcrf,001,8,0.3296,0.0575,1.3108,0.0849,1.581,5626.7556,0.5719,True,
P,back,tofcrf,001,9,0.5621,0.0635,1.3338,0.0956,2.0216,4992.4778,0.6293,True,
P,back,tofcrf,001,10,0.3902,0.0537,1.1038,0.0793,1.8604,3773.7111,0.8571,True,
P,back,tofcrf,101,-1,0.2952,0.0182,1.3379,0.0271,3.1306,68205.4778,0.5755,True,
P,back,tofcrf,101,0,0.2376,0.0461,1.2195,0.0644,2.1753,7629.1111,0.5895,True,
P,back,tofcrf,101,1,8.2288,0.1355,3.1457,0.1807,2.1593,14313.5889,0.259,True,
P,back,tofcrf,101,2,0.3696,0.0555,1.2773,0.0831,2.6077,6599.4556,0.6584,True,
P,back,tofcrf,101,3,0.4314,0.0798,1.8329,0.1109,2.3958,10115.8222,0.3338,True,
P,back,tofcrf,101,4,0.3833,0.058,1.3353,0.0795,2.5157,5724.5222,0.6624,True,
P,back,tofcrf,101,5,0.1954,0.0474,1.0109,0.0703,1.4809,5161.2556,0.699,True,
P,back,tofcrf,101,6,0.4911,0.0658,1.5488,0.0968,2.6141,7302.7111,0.6172,True,
P,back,tofcrf,101,7,0.1723,0.0379,0.8953,0.0536,1.801,7366.5,0.6846,True,
P,back,tofcrf,101,8,0.2438,0.0508,1.3931,0.0792,2.0612,9615.6556,0.5398,True,
P,back,tofcrf,101,9,-5.8457,0.0681,1.9178,0.0918,3.7961,9834.1556,0.5228,True,
P,back,tofcrf,101,10,0.3191,0.0497,1.4248,0.0736,2.0684,8677.2778,0.7241,True,
P,back,tof,001,0,22.6353,0.0948,1.7786,0.1404,2.2185,4251.9444,0.4978,True,22.2712
P,back,tof,001,1,22.5175,0.1089,1.8852,0.1645,2.8758,5445.7889,0.3953,True,22.1622
P,back,tof,001,2,21.9658,0.097,1.8604,0.1342,3.5846,4600.7222,0.6029,True,22.077
P,back,tof,001,3,22.7085,0.0847,1.7457,0.1161,2.2469,4380.3444,0.625,True,22.0159
P,back,tof,001,4,22.4954,0.0837,1.7819,0.1183,2.751,5594.3111,0.542,True,21.9792
P,back,tof,001,5,22.6385,0.0957,2.0553,0.1422,4.0131,6177.0,0.5102,True,21.9669
P,back,tof,001,6,22.9771,0.1109,2.2079,0.148,1.1699,5714.5333,0.4078,True,21.9792
P,back,tof,001,7,22.4547,0.086,1.6513,0.1202,2.806,4705.1667,0.57,True,22.0159
P,back,tof,001,8,22.5591,0.0818,1.783,0.1146,2.9502,6872.5778,0.5069,True,22.077
P,back,tof,001,9,22.9137,0.0884,1.9023,0.1275,2.4728,6329.9111,0.5703,True,22.1622
P,back,tof,001,10,22.7367,0.0734,1.62,0.1032,2.6803,4724.8444,0.7321,True,22.2712
P,back,tof,101,0,19.6648,0.0574,1.5181,0.081,2.8769,8788.0222,0.5483,True,19.3011
P,back,tof,101,1,nan,nan,nan,nan,nan,0.0,nan,False,19.1751
P,back,tof,101,2,19.5855,0.0652,1.7031,0.0861,3.6082,8139.3162,0.6111,True,19.0765
P,back,tof,101,3,19.8306,0.0942,2.2744,0.1346,3.4186,11991.1687,0.3187,True,19.0058
P,back,tof,101,4,19.494,0.0716,1.7055,0.098,2.9836,7097.7667,0.6334,True,18.9633
P,back,tof,101,5,19.4472,0.0695,1.6496,0.1013,2.2369,6985.0081,0.5925,True,18.9491
P,back,tof,101,6,19.7258,0.0777,2.031,0.1116,3.7301,8812.6303,0.5724,True,18.9633
P,back,tof,101,7,19.3639,0.0508,1.5037,0.0721,3.0086,10129.9141,0.5713,True,19.0058
P,back,tof,101,8,19.5285,0.0602,1.7486,0.0846,3.0149,11204.8455,0.5056,True,19.0765
P,back,tof,101,9,14.0336,0.0683,1.8511,0.0972,3.0501,9843.303,0.5427,True,19.1751
P,back,tof,101,10,19.7773,0.0539,1.6104,0.0768,2.3816,9463.4283,0.7054,True,19.3011
P,back_fv,tofc,total,-1,0.0256,0.0203,1.4486,0.0291,3.0328,67831.7778,0.4885,True,
P,back_fv,tofc,001,-1,0.0867,0.0284,1.4398,0.0405,2.9689,26743.3667,0.5006,True,
P,back_fv,tofc,001,0,-0.0803,0.1162,1.5513,0.1652,2.3109,2402.3556,0.4241,True,
P,back_fv,tofc,001,1,0.0135,0.1152,1.3981,0.1642,1.2102,2684.4111,0.3286,True,
P,back_fv,tofc,001,2,-0.3776,0.1081,1.4708,0.1451,1.5338,1853.5222,0.5666,True,
P,back_fv,tofc,001,3,0.3273,0.0942,1.3456,0.1234,2.2729,1863.3333,0.6969,True,
P,back_fv,tofc,001,4,0.058,0.0801,1.2627,0.1152,1.1184,2790.8556,0.6205,True,
P,back_fv,tofc,001,5,0.3874,0.0775,1.1272,0.1092,1.4164,2413.3667,0.6133,True,
P,back_fv,tofc,001,6,0.3722,0.1201,1.6436,0.1694,1.3889,2651.5,0.3755,True,
P,back_fv,tofc,001,7,-0.0183,0.1089,1.4004,0.1448,1.6646,2082.6556,0.6212,True,
P,back_fv,tofc,001,8,0.1198,0.0642,1.2167,0.0834,2.093,3278.0778,0.5414,True,
P,back_fv,tofc,001,9,0.2444,0.0961,1.4517,0.1382,2.4662,2415.2778,0.5379,True,
P,back_fv,tofc,001,10,0.1337,0.0833,1.1034,0.1229,0.9605,1710.3889,0.768,True,
P,back_fv,tofc,101,-1,-0.0341,0.0253,1.4503,0.0362,2.8481,40775.7444,0.4824,True,
P,back_fv,tofc,101,0,-0.0687,0.0746,1.3159,0.1037,2.2533,4176.1556,0.4491,True,
P,back_fv,tofc,101,1,5.2692,0.5036,1.4712,0.5706,1.9767,4626.2667,0.2054,True,
P,back_fv,tofc,101,2,0.0042,0.0777,1.5945,0.109,2.2039,4451.6111,0.6137,True,
P,back_fv,tofc,101,3,0.0267,0.1217,1.7797,0.1709,1.4701,5203.8333,0.2308,True,
P,back_fv,tofc,101,4,0.0107,0.0815,1.4147,0.1149,1.1127,2918.9222,0.6563,True,
P,back_fv,tofc,101,5,-0.064,0.0706,1.2422,0.1042,1.2715,3353.8,0.6324,True,
P,back_fv,tofc,101,6,0.1729,0.0714,1.4298,0.0989,2.2349,3764.0667,0.6051,True,
P,back_fv,tofc,101,7,-0.1341,0.0641,1.3424,0.096,2.4116,5056.7778,0.4883,True,
P,back_fv,tofc,101,8,-0.0848,0.0665,1.4889,0.0956,2.8307,6439.8556,0.4704,True,
P,back_fv,tofc,101,9,-5.9425,0.0924,2.0821,0.125,3.9248,7512.5111,0.4869,True,
P,back_fv,tofc,101,10,-0.035,0.0603,1.3808,0.0862,2.2512,5360.3333,0.7386,True,
P,back_fv,tofcrf,total,-1,0.1858,0.0163,1.2091,0.0246,2.8538,62368.7,0.53,True,
P,back_fv,tofcrf,001,-1,0.2458,0.0285,1.3099,0.0415,2.7189,25617.1778,0.5249,True,
P,back_fv,tofcrf,001,0,0.2405,0.105,1.419,0.1523,1.1088,2263.8111,0.4418,True,
P,back_fv,tofcrf,001,1,0.0303,0.0877,1.1866,0.1171,1.5631,2432.6556,0.346,True,
P,back_fv,tofcrf,001,2,-0.2768,0.0895,1.187,0.1248,1.3056,1735.7,0.6652,True,
P,back_fv,tofcrf,001,3,0.3759,0.1087,1.3619,0.1524,1.5428,1808.2,0.6762,True,
P,back_fv,tofcrf,001,4,0.2039,0.0882,1.2452,0.1327,1.2267,2787.2556,0.6325,True,
P,back_fv,tofcrf,001,5,0.5001,0.0658,0.9322,0.0999,1.3656,2159.1778,0.6643,True,
P,back_fv,tofcrf,001,6,0.3589,0.1144,1.4606,0.1577,0.4823,2440.0111,0.3925,True,
P,back_fv,tofcrf,001,7,0.0848,0.0695,1.0431,0.1086,1.1081,1846.2333,0.7304,True,
P,back_fv,tofcrf,001,8,0.2846,0.0646,1.1751,0.0866,2.1112,3243.3222,0.5581,True,
P,back_fv,tofcrf,001,9,0.4406,0.0814,1.1048,0.1285,1.1981,2135.7667,0.6241,True,
P,back_fv,tofcrf,001,10,0.2918,0.0728,1.011,0.1078,1.5467,1695.0778,0.8156,True,
P,back_fv,tofcrf,101,-1,0.1626,0.0197,1.1725,0.0299,2.1339,36547.6333,0.5315,True,
P,back_fv,tofcrf,101,0,0.119,0.0599,1.0773,0.088,1.4948,3856.2778,0.5089,True,
P,back_fv,tofcrf,101,1,7.1245,0.112,1.9797,0.1631,2.034,6431.9333,0.2141,True,
P,back_fv,tofcrf,101,2,0.2037,0.0601,1.1339,0.0851,1.7719,3655.6222,0.7025,True,
P,back_fv,tofcrf,101,3,0.0641,0.0835,1.5436,0.1145,1.545,4809.1778,0.2436,True,
P,back_fv,tofcrf,101,4,0.1615,0.0701,1.256,0.1039,1.9733,2748.5889,0.7036,True,
P,back_fv,tofcrf,101,5,0.1077,0.0516,0.9227,0.0719,1.2185,2805.4556,0.7097,True,
P,back_fv,tofcrf,101,6,0.3415,0.0614,1.2599,0.0851,1.6819,3511.3111,0.6426,True,
P,back_fv,tofcrf,101,7,0.1774,0.0416,0.7317,0.0596,1.4159,3622.4556,0.6412,True,
P,back_fv,tofcrf,101,8,0.1302,0.0553,1.3075,0.0837,1.3313,6023.0,0.498,True,
P,back_fv,tofcrf,101,9,-3.3278,0.3613,2.0358,0.7659,2.9492,7223.6,0.4862,True,
P,back_fv,tofcrf,101,10,0.2215,0.0499,1.1675,0.0745,1.9664,4919.4667,0.7908,True,
P,back_fv,tof,001,0,22.6226,0.1645,2.0288,0.2491,1.7453,2705.0,0.3671,True,22.2712
P,back_fv,tof,001,1,22.5119,0.1351,1.413,0.184,1.7846,2729.8444,0.3289,True,22.1622
P,back_fv,tof,001,2,21.8839,0.1182,1.5433,0.1447,0.7377,1858.8778,0.542,True,22.077
P,back_fv,tof,001,3,22.7,0.1465,1.7104,0.2019,0.7312,2066.5778,0.6083,True,22.0159
P,back_fv,tof,001,4,22.3325,0.0776,1.2722,0.111,1.7327,2788.4556,0.6089,True,21.9792
P,back_fv,tof,001,5,22.4328,0.1148,1.8732,0.171,0.5612,3144.1,0.4842,True,21.9669
P,back_fv,tof,001,6,22.5842,0.145,1.8687,0.2066,0.6919,2767.6444,0.3456,True,21.9792
P,back_fv,tof,001,7,22.1968,0.0843,1.0916,0.1202,0.2412,1844.5222,0.7146,True,22.0159
P,back_fv,tof,001,8,22.3845,0.0788,1.3056,0.1055,2.0655,3307.8556,0.5155,True,22.077
P,back_fv,tof,001,9,22.5795,0.1062,1.638,0.1526,2.433,2473.9667,0.4929,True,22.1622
P,back_fv,tof,001,10,22.6193,0.0946,1.286,0.136,1.5332,1783.2667,0.6937,True,22.2712
P,back_fv,tof,101,0,19.4268,0.0659,1.3128,0.0909,1.8364,4074.9152,0.447,True,19.3011
P,back_fv,tof,101,1,nan,nan,nan,nan,nan,0.0,nan,False,19.1751
P,back_fv,tof,101,2,19.2533,0.0682,1.624,0.0918,2.9045,4501.5253,0.602,True,19.0765
P,back_fv,tof,101,3,19.3362,0.1182,1.8495,0.1684,2.5869,5225.8717,0.2228,True,19.0058
P,back_fv,tof,101,4,19.2575,0.0884,1.4768,0.1263,1.3549,2967.6152,0.6456,True,18.9633
P,back_fv,tof,101,5,19.2129,0.0857,1.4287,0.1274,1.5332,3589.7636,0.595,True,18.9491
P,back_fv,tof,101,6,19.2848,0.0805,1.4131,0.1169,1.8191,3713.9404,0.598,True,18.9633
P,back_fv,tof,101,7,19.2272,0.0667,1.4276,0.0955,2.7625,5173.7778,0.4737,True,19.0058
P,back_fv,tof,101,8,19.3791,0.0765,1.7388,0.1106,1.9591,7005.3758,0.439,True,19.0765
P,back_fv,tof,101,9,13.8931,0.069,1.7129,0.0923,2.8525,6984.899,0.5557,True,19.1751
P,back_fv,tof,101,10,19.6674,0.0643,1.4562,0.088,2.49,5438.9222,0.7122,True,19.3011
H,all,tofc,total,-1,0.6487,0.0135,2.1387,0.0192,8.1215,389646.6444,0.5686,True,
H,all,tofc,000,-1,0.5653,0.0333,1.9339,0.0482,7.0924,55414.7333,0.4597,True,
H,all,tofc,000,0,0.0634,0.0995,1.5271,0.146,2.2198,2990.1667,0.5082,True,
H,all,tofc,000,1,0.5454,0.1259,1.6363,0.1743,0.462,2806.3778,0.5382,True,
H,all,tofc,000,2,0.6778,0.1022,1.6902,0.1548,2.8558,3509.5667,0.4521,True,
H,all,tofc,000,3,0.4642,0.0764,1.1288,0.1091,1.858,3596.0667,0.4599,True,
H,all,tofc,000,4,2.693,0.3038,3.9596,0.3798,1.2021,6729.7778,0.3663,True,
H,all,tofc,000,5,0.0893,0.0872,1.4679,0.1269,1.8202,4631.1889,0.446,True,
H,all,tofc,000,6,2.3235,0.1913,3.5312,0.2396,5.2306,7339.1556,0.3822,True,
H,all,tofc,000,7,3.6278,0.5157,2.2066,0.9308,1.1921,7574.9333,0.4752,True,
H,all,tofc,000,8,4.007,0.3686,2.2122,1.04,0.2643,6229.9,0.4831,True,
H,all,tofc,000,9,0.5688,0.0806,1.8465,0.1148,2.5825,7862.8667,0.4854,True,
H,all,tofc,000,10,0.3624,0.0887,1.7857,0.1231,2.8461,5264.2889,0.6597,True,
H,all,tofc,001,-1,0.2488,0.0286,1.6929,0.0409,3.2483,43255.0778,0.6613,True,
H,all,tofc,001,0,0.0669,0.0847,1.2884,0.1172,1.4919,2429.0444,0.6694,True,
H,all,tofc,001,1,-0.2434,0.109,1.7912,0.1548,2.2238,3878.8556,0.5053,True,
H,all,tofc,001,2,-0.1742,0.1038,1.7704,0.1498,1.5673,3444.6,0.6967,True,
H,all,tofc,001,3,0.3426,0.0853,1.4129,0.126,1.4552,2738.2111,0.7023,True,
H,all,tofc,001,4,0.1568,0.0709,1.3946,0.0976,2.1176,3610.2667,0.6977,True,
H,all,tofc,001,5,0.5149,0.0823,1.3965,0.1081,2.4498,3682.2222,0.706,True,
H,all,tofc,001,6,0.4838,0.1164,2.1008,0.1555,2.4469,4503.3778,0.5296,True,
H,all,tofc,001,7,-0.108,0.0715,1.1331,0.102,2.1514,3074.5333,0.8241,True,
H,all,tofc,001,8,0.2858,0.0763,1.6585,0.1109,2.0571,5215.4111,0.6588,True,
H,all,tofc,001,9,0.398,0.0771,1.5692,0.1086,2.4646,4481.1222,0.7522,True,
H,all,tofc,001,10,0.2199,0.0685,1.2044,0.0918,2.1686,3144.0,0.9974,True,
H,all,tofc,100,-1,1.9165,0.0392,3.2829,0.0521,8.6931,131086.5667,0.4439,True,
H,all,tofc,100,0,2.3951,0.143,3.769,0.1938,5.5367,18764.1556,0.281,True,
H,all,tofc,100,1,nan,nan,nan,nan,nan,0.0,nan,False,
H,all,tofc,100,2,2.1412,0.1717,3.8398,0.2236,3.4692,11479.7111,0.457,True,
H,all,tofc,100,3,1.5003,0.1233,2.8321,0.1623,5.7785,13325.8556,0.5245,True,
H,all,tofc,100,4,1.5988,0.1038,3.0575,0.1363,4.5867,12522.3333,0.5237,True,
H,all,tofc,100,5,1.7121,0.1214,3.1745,0.1655,5.8909,15562.6333,0.4872,True,
H,all,tofc,100,6,1.3898,0.1045,2.4925,0.1343,3.6557,10573.5556,0.546,True,
H,all,tofc,100,7,1.3028,0.083,2.4319,0.1104,5.8725,13853.6222,0.5869,True,
H,all,tofc,100,8,2.5856,0.1521,3.9764,0.2069,2.0459,13947.3111,0.3035,True,
H,all,tofc,100,9,1.6913,0.1339,2.4285,0.1788,1.18,5658.4889,0.5273,True,
H,all,tofc,100,10,2.0181,0.088,3.1201,0.1235,5.2503,17686.8667,0.5635,True,
H,all,tofc,101,-1,0.3279,0.0211,1.7862,0.031,6.2885,78583.5444,0.7804,True,
H,all,tofc,101,0,0.2518,0.0739,1.7775,0.1117,2.3149,7796.4333,0.6787,True,
H,all,tofc,101,1,nan,nan,nan,nan,nan,0.0,nan,False,
H,all,tofc,101,2,0.4387,0.08,2.0167,0.1099,3.9653,7636.6,0.7784,True,
H,all,tofc,101,3,1.4575,0.1084,3.0464,0.1513,5.5246,13169.3667,0.4518,True,
H,all,tofc,101,4,0.4277,0.0614,1.5415,0.084,2.9635,6200.8667,0.9407,True,
H,all,tofc,101,5,-0.0192,0.0656,1.6805,0.0962,3.0836,6876.2111,0.8434,True,
H,all,tofc,101,6,0.3982,0.0722,1.8916,0.1071,2.6398,7872.9111,0.8418,True,
H,all,tofc,101,7,0.2369,0.0537,1.6361,0.0785,2.8183,10450.2444,0.8387,True,
H,all,tofc,101,8,0.3609,0.0545,1.7983,0.0786,3.4944,11246.5,0.7724,True,
H,all,tofc,101,9,-5.8008,0.0716,2.0962,0.1006,3.325,10410.0222,0.772,True,
H,all,tofc,101,10,0.2505,0.0426,1.4265,0.0558,2.665,8937.7778,1.1576,True,
H,all,tofc,200,-1,0.6624,0.0283,2.1909,0.0391,7.0611,94434.6444,0.594,True,
H,all,tofc,200,0,0.1017,0.0516,1.3964,0.0749,2.3614,7035.3556,0.8859,True,
H,all,tofc,200,1,0.3478,0.0797,1.3896,0.1159,3.3751,4425.3222,0.6428,True,
H,all,tofc,200,2,0.5294,0.0737,1.6667,0.113,2.9364,9231.3667,0.5898,True,
H,all,tofc,200,3,0.7899,0.1109,2.4141,0.1504,4.6659,7925.4222,0.5332,True,
H,all,tofc,200,4,0.2384,0.0982,1.6206,0.1393,0.2442,3999.5222,0.5168,True,
H,all,tofc,200,5,0.5019,0.0929,1.8982,0.1377,1.9374,7218.0667,0.5811,True,
H,all,tofc,200,6,-0.2379,0.104,2.0061,0.1531,2.5245,5803.1444,0.4948,True,
H,all,tofc,200,7,0.8842,0.1068,2.195,0.1401,2.2283,8198.8222,0.583,True,
H,all,tofc,200,8,nan,nan,nan,nan,nan,0.0,nan,False,
H,all,tofc,200,9,1.0747,0.0601,2.1429,0.0829,3.9361,14349.3111,0.7402,True,
H,all,tofc,200,10,0.5681,0.084,1.9299,0.1183,2.7115,6730.0444,0.6487,True,
H,all,tofcrf,total,-1,0.438,0.0123,1.8521,0.0176,7.2731,347555.3111,0.5879,True,
H,all,tofcrf,000,-1,0.4517,0.0325,1.7876,0.0467,6.7457,51757.1111,0.4643,True,
H,all,tofcrf,000,0,0.0205,0.0878,1.2819,0.1285,1.6162,2669.4889,0.5405,True,
H,all,tofcrf,000,1,0.2891,0.1096,1.3522,0.1587,1.3304,2338.5667,0.546,True,
H,all,tofcrf,000,2,0.6268,0.1279,1.9045,0.209,1.2299,3916.0222,0.4516,True,
H,all,tofcrf,000,3,0.2543,0.0681,0.9677,0.097,1.6502,3159.0889,0.476,True,
H,all,tofcrf,000,4,4.2986,0.5836,2.5111,1.7223,0.3784,5214.7222,0.445,True,
H,all,tofcrf,000,5,-0.0657,0.0903,1.5364,0.1288,1.1074,4767.2778,0.4371,True,
H,all,tofcrf,000,6,1.3382,0.2451,2.6697,0.3199,1.9044,5931.4,0.406,True,
H,all,tofcrf,000,7,0.7027,0.136,2.3412,0.1993,2.0168,7229.3778,0.4295,True,
H,all,tofcrf,000,8,0.4687,0.1402,1.5219,0.1826,1.5485,3868.4444,0.4346,True,
H,all,tofcrf,000,9,0.5597,0.0846,1.8807,0.1222,2.7282,8047.4667,0.4839,True,
H,all,tofcrf,000,10,0.267,0.0833,1.6733,0.1193,3.0252,5039.0556,0.6774,True,
H,all,tofcrf,001,-1,0.073,0.024,1.2752,0.0354,3.2168,35310.8778,0.7156,True,
H,all,tofcrf,001,0,-0.0403,0.0769,1.0742,0.1101,1.4887,2154.3667,0.7144,True,
H,all,tofcrf,001,1,-0.4239,0.1039,1.6702,0.1431,1.6377,3657.6556,0.5105,True,
H,all,tofcrf,001,2,-0.3041,0.0819,1.3845,0.1147,2.148,2935.4,0.7622,True,
H,all,tofcrf,001,3,0.2836,0.0799,0.9296,0.1096,1.6023,2108.7667,0.8102,True,
H,all,tofcrf,001,4,0.1357,0.0713,1.2559,0.106,1.3771,3389.2333,0.7313,True,
H,all,tofcrf,001,5,0.3794,0.0878,1.6189,0.1347,2.7279,4009.5,0.6632,True,
H,all,tofcrf,001,6,0.5262,0.1261,2.2324,0.1803,1.6285,4739.0667,0.5262,True,
H,all,tofcrf,001,7,-0.2774,0.0441,0.7926,0.0594,1.4196,2367.7778,0.884,True,
H,all,tofcrf,001,8,0.072,0.0603,1.0479,0.0865,2.1248,3784.9333,0.756,True,
H,all,tofcrf,001,9,0.3215,0.0701,1.4112,0.0956,1.8982,4120.5556,0.7623,True,
H,all,tofcrf,001,10,-0.0491,0.0478,0.8142,0.0658,1.6259,2442.1,1.149,True,
H,all,tofcrf,100,-1,1.7378,0.0407,3.1151,0.0545,9.1157,126358.1,0.4514,True,
H,all,tofcrf,100,0,1.8426,0.1487,3.2218,0.196,3.1012,17082.3111,0.299,True,
H,all,tofcrf,100,1,2.0168,0.1993,3.5244,0.2472,5.4283,11810.0889,0.458,True,
H,all,tofcrf,100,2,2.2107,0.1646,3.8358,0.2073,1.9557,11409.0889,0.4565,True,
H,all,tofcrf,100,3,1.6586,0.1259,3.0497,0.1619,2.8422,13973.8333,0.5093,True,
H,all,tofcrf,100,4,1.411,0.1186,2.9257,0.154,5.2775,12116.7,0.5321,True,
H,all,tofcrf,100,5,1.4333,0.1163,2.7598,0.1542,6.5635,14140.5333,0.5099,True,
H,all,tofcrf,100,6,1.4509,0.1122,2.6941,0.1518,5.1511,11269.9778,0.5337,True,
H,all,tofcrf,100,7,1.2068,0.0845,2.3911,0.1131,5.3662,13596.1778,0.5871,True,
H,all,tofcrf,100,8,2.578,0.1774,3.9909,0.2336,5.2648,13882.8889,0.3001,True,
H,all,tofcrf,100,9,1.4452,0.1198,2.1293,0.1659,1.5449,5113.5778,0.5368,True,
H,all,tofcrf,100,10,1.9036,0.0859,2.9642,0.1198,4.8578,17167.0667,0.5738,True,
H,all,tofcrf,101,-1,0.1716,0.0191,1.5433,0.0283,4.9136,70222.1444,0.8075,True,
H,all,tofcrf,101,0,0.0586,0.0599,1.3741,0.086,2.7782,6458.6667,0.7324,True,
H,all,tofcrf,101,1,nan,nan,nan,nan,nan,0.0,nan,False,
H,all,tofcrf,101,2,0.2468,0.0725,1.8516,0.1048,2.6178,7153.8444,0.7865,True,
H,all,tofcrf,101,3,0.8892,0.1077,2.3537,0.1477,5.4054,11183.7556,0.4966,True,
H,all,tofcrf,101,4,0.2993,0.0689,1.4391,0.097,2.1711,5769.8667,0.9494,True,
H,all,tofcrf,101,5,-0.1015,0.0499,1.2166,0.0735,1.9895,5540.9,0.9242,True,
H,all,tofcrf,101,6,0.3977,0.0742,1.7633,0.1109,4.0091,7623.5222,0.8604,True,
H,all,tofcrf,101,7,0.0978,0.0456,1.3475,0.0665,2.3661,9002.3222,0.8952,True,
H,all,tofcrf,101,8,0.2104,0.0521,1.6214,0.0762,2.9359,10488.2778,0.7958,True,
H,all,tofcrf,101,9,nan,nan,nan,nan,nan,0.0,nan,False,
H,all,tofcrf,101,10,0.1653,0.0425,1.3207,0.0609,2.5006,8415.1333,1.1897,True,
H,all,tofcrf,200,-1,0.4887,0.0264,1.958,0.0371,5.5742,87521.0889,0.6121,True,
H,all,tofcrf,200,0,0.0094,0.0507,1.3298,0.0763,2.0443,6840.8111,0.8924,True,
H,all,tofcrf,200,1,0.0852,0.0653,1.0877,0.0985,3.5128,3554.6667,0.6685,True,
H,all,tofcrf,200,2,0.6835,0.0863,2.1929,0.1196,3.4778,11130.3333,0.5431,True,
H,all,tofcrf,200,3,0.6412,0.1122,2.1256,0.1572,3.0695,7252.0,0.5559,True,
H,all,tofcrf,200,4,-0.0684,0.0907,1.3174,0.1356,1.3744,3310.2222,0.5226,True,
H,all,tofcrf,200,5,0.5182,0.0921,1.9305,0.1337,2.3211,7361.6444,0.5773,True,
H,all,tofcrf,200,6,-0.19,0.0945,1.9402,0.1343,2.382,5717.1222,0.506,True,
H,all,tofcrf,200,7,0.7734,0.0916,2.2138,0.1244,2.5849,8327.2889,0.5854,True,
H,all,tofcrf,200,8,0.6153,0.078,2.0445,0.1057,3.8515,10038.8222,0.5962,True,
H,all,tofcrf,200,9,1.0527,0.0599,2.2055,0.0839,3.9182,14510.0222,0.731,True,
H,all,tofcrf,200,10,0.7449,0.0923,2.1401,0.1238,2.914,7209.6444,0.6227,True,
H,all,tof,000,0,21.3356,0.1187,1.7131,0.1653,1.7871,3203.4778,0.4892,True,20.9649
H,all,tof,000,1,21.4773,0.1144,1.62,0.1554,1.6385,2717.0444,0.5286,True,20.849
H,all,tof,000,2,21.6294,0.1274,1.9969,0.184,2.0077,4015.5556,0.4405,True,20.7584
H,all,tof,000,3,21.5823,0.1221,1.903,0.1745,2.4252,5346.9778,0.4088,True,20.6935
H,all,tof,000,4,23.7672,0.2434,4.138,0.3263,1.0505,6926.0333,0.3609,True,20.6544
H,all,tof,000,5,22.3385,0.2633,3.5271,0.3542,1.5039,9418.7556,0.3832,True,20.6414
H,all,tof,000,6,23.3563,0.1753,3.5578,0.2333,2.2697,7367.0333,0.3809,True,20.6544
H,all,tof,000,7,21.5907,0.1281,2.2145,0.1917,1.6602,6939.4667,0.4302,True,20.6935
H,all,tof,000,8,24.3732,0.2768,2.0456,0.8709,1.822,5810.3222,0.4884,True,20.7584
H,all,tof,000,9,21.9461,0.0915,2.0944,0.1264,2.6639,8752.0222,0.477,True,20.849
H,all,tof,000,10,21.6596,0.092,1.9546,0.1279,1.8651,5548.8,0.6426,True,20.9649
H,all,tof,001,0,22.616,0.1083,1.6708,0.1537,1.5503,2876.6,0.6177,True,22.2712
H,all,tof,001,1,22.4567,0.1329,2.3675,0.1892,3.289,4713.6556,0.4722,True,22.1622
H,all,tof,001,2,22.2013,0.1171,1.9917,0.1604,2.8198,3738.6444,0.6816,True,22.077
H,all,tof,001,3,22.6133,0.0949,1.5776,0.1408,2.1842,2973.7778,0.6799,True,22.0159
H,all,tof,001,4,22.525,0.1022,1.7882,0.1469,1.7678,4317.3778,0.6517,True,21.9792
H,all,tof,001,5,22.8441,0.0898,1.7252,0.1276,2.5512,4222.9778,0.659,True,21.9669
H,all,tof,001,6,22.9822,0.1446,2.5451,0.2024,1.1607,5161.8222,0.5012,True,21.9792
H,all,tof,001,7,22.6224,0.1043,2.0927,0.149,1.8493,4884.7111,0.7082,True,22.0159
H,all,tof,001,8,22.8066,0.0915,1.9717,0.1265,3.8023,5906.8222,0.6351,True,22.077
H,all,tof,001,9,23.389,0.1106,2.2363,0.1512,0.3672,5943.4667,0.7097,True,22.1622
H,all,tof,001,10,22.8805,0.0783,1.5254,0.107,2.6454,3636.3667,0.9116,True,22.2712
H,all,tof,100,0,20.5433,0.1323,3.7231,0.1817,2.4711,18756.1778,0.285,True,17.9292
H,all,tof,100,1,20.4734,0.1519,3.8805,0.2037,3.5332,12510.1333,0.4423,True,17.7935
H,all,tof,100,2,20.0962,0.1526,3.8969,0.2007,2.7619,11517.3556,0.4557,True,17.6873
H,all,tof,100,3,19.6524,0.1121,3.1066,0.1478,5.2474,14153.7889,0.5087,True,17.611
H,all,tof,100,4,19.4291,0.1138,3.0784,0.1517,2.0396,12554.2,0.5251,True,17.5651
H,all,tof,100,5,19.7853,0.1071,3.4161,0.1455,5.8486,16239.0778,0.4716,True,17.5497
H,all,tof,100,6,19.4098,0.106,2.6374,0.1381,3.5499,11075.8,0.54,True,17.5651
H,all,tof,100,7,19.4357,0.0882,2.7592,0.1176,5.6478,15087.2333,0.5646,True,17.611
H,all,tof,100,8,21.0476,0.1846,4.5027,0.2511,5.4771,14900.9111,0.287,True,17.6873
H,all,tof,100,9,20.4386,0.1895,3.1157,0.2469,1.624,6777.8444,0.4957,True,17.7935
H,all,tof,100,10,20.617,0.1154,3.6002,0.1574,4.6577,19114.7333,0.5291,True,17.9292
H,all,tof,101,0,19.9473,0.0737,2.0768,0.1056,3.3525,8723.9273,0.6534,True,19.3011
H,all,tof,101,1,nan,nan,nan,nan,nan,0.0,nan,False,19.1751
H,all,tof,101,2,19.9056,0.0822,2.137,0.1139,6.1931,8072.9556,0.7755,True,19.0765
H,all,tof,101,3,20.6748,0.1021,2.7939,0.1357,4.588,12565.203,0.47,True,19.0058
H,all,tof,101,4,19.6446,0.0629,1.6154,0.0871,4.848,6308.8646,0.9286,True,18.9633
H,all,tof,101,5,19.2463,0.0656,1.7593,0.0911,2.7625,7074.7586,0.8324,True,18.9491
H,all,tof,101,6,19.725,0.0737,1.9132,0.1046,2.4267,8096.3657,0.845,True,18.9633
H,all,tof,101,7,19.6165,0.0548,1.7862,0.0769,3.7786,11001.8,0.8228,True,19.0058
H,all,tof,101,8,19.9275,0.0635,2.1057,0.0898,3.669,12422.1939,0.7335,True,19.0765
H,all,tof,101,9,14.3464,0.0648,2.0495,0.0918,3.0537,10427.5939,0.7975,True,19.1751
H,all,tof,101,10,19.9664,0.0453,1.6208,0.0635,3.4908,9642.6444,1.1179,True,19.3011
H,all,tof,200,0,21.2502,0.0575,1.4982,0.0817,2.7329,7477.0333,0.8651,True,20.824
H,all,tof,200,1,21.8233,0.1252,2.2178,0.1686,2.3578,6193.5778,0.5698,True,20.7073
H,all,tof,200,2,21.7997,0.1014,2.5152,0.1384,4.0565,12276.5889,0.5234,True,20.6161
H,all,tof,200,3,21.5232,0.1113,2.4158,0.1562,4.4062,7921.2444,0.5335,True,20.5507
H,all,tof,200,4,21.0861,0.1112,1.852,0.1566,1.9411,4424.1111,0.504,True,20.5113
H,all,tof,200,5,21.5409,0.1023,2.2369,0.1441,3.3596,8301.2,0.5583,True,20.4982
H,all,tof,200,6,20.7114,0.1161,2.2129,0.166,1.6654,6243.9222,0.479,True,20.5113
H,all,tof,200,7,21.7684,0.1,2.3514,0.1369,2.0628,8555.6222,0.5707,True,20.5507
H,all,tof,200,8,21.8835,0.0962,2.6597,0.1271,4.6674,11865.0778,0.5423,True,20.6161
H,all,tof,200,9,22.0851,0.0655,2.3575,0.0885,4.5687,15228.5556,0.7131,True,20.7073
H,all,tof,200,10,21.6643,0.0862,1.9511,0.1169,3.4629,6701.3778,0.6383,True,20.824
H,back,tofc,total,-1,0.2844,0.0168,1.7328,0.0243,6.9064,120019.3778,0.7367,True,
H,back,tofc,001,-1,0.2488,0.0286,1.6929,0.0409,3.2483,43255.0778,0.6613,True,
H,back,tofc,001,0,0.0669,0.0847,1.2884,0.1172,1.4919,2429.0444,0.6694,True,
H,back,tofc,001,1,-0.2434,0.109,1.7912,0.1548,2.2238,3878.8556,0.5053,True,
H,back,tofc,001,2,-0.1742,0.1038,1.7704,0.1498,1.5673,3444.6,0.6967,True,
H,back,tofc,001,3,0.3426,0.0853,1.4129,0.126,1.4552,2738.2111,0.7023,True,
H,back,tofc,001,4,0.1568,0.0709,1.3946,0.0976,2.1176,3610.2667,0.6977,True,
H,back,tofc,001,5,0.5149,0.0823,1.3965,0.1081,2.4498,3682.2222,0.706,True,
H,back,tofc,001,6,0.4838,0.1164,2.1008,0.1555,2.4469,4503.3778,0.5296,True,
H,back,tofc,001,7,-0.108,0.0715,1.1331,0.102,2.1514,3074.5333,0.8241,True,
H,back,tofc,001,8,0.2858,0.0763,1.6585,0.1109,2.0571,5215.4111,0.6588,True,
H,back,tofc,001,9,0.398,0.0771,1.5692,0.1086,2.4646,4481.1222,0.7522,True,
H,back,tofc,001,10,0.2199,0.0685,1.2044,0.0918,2.1686,3144.0,0.9974,True,
H,back,tofc,101,-1,0.3279,0.0211,1.7862,0.031,6.2885,78583.5444,0.7804,True,
H,back,tofc,101,0,0.2518,0.0739,1.7775,0.1117,2.3149,7796.4333,0.6787,True,
H,back,tofc,101,1,nan,nan,nan,nan,nan,0.0,nan,False,
H,back,tofc,101,2,0.4387,0.08,2.0167,0.1099,3.9653,7636.6,0.7784,True,
H,back,tofc,101,3,1.4575,0.1084,3.0464,0.1513,5.5246,13169.3667,0.4518,True,
H,back,tofc,101,4,0.4277,0.0614,1.5415,0.084,2.9635,6200.8667,0.9407,True,
H,back,tofc,101,5,-0.0192,0.0656,1.6805,0.0962,3.0836,6876.2111,0.8434,True,
H,back,tofc,101,6,0.3982,0.0722,1.8916,0.1071,2.6398,7872.9111,0.8418,True,
H,back,tofc,101,7,0.2369,0.0537,1.6361,0.0785,2.8183,10450.2444,0.8387,True,
H,back,tofc,101,8,0.3609,0.0545,1.7983,0.0786,3.4944,11246.5,0.7724,True,
H,back,tofc,101,9,-5.8008,0.0716,2.0962,0.1006,3.325,10410.0222,0.772,True,
H,back,tofc,101,10,0.2505,0.0426,1.4265,0.0558,2.665,8937.7778,1.1576,True,
H,back,tofcrf,total,-1,0.1488,0.0151,1.4695,0.0224,6.4161,105888.2,0.7705,True,
H,back,tofcrf,001,-1,0.073,0.024,1.2752,0.0354,3.2168,35310.8778,0.7156,True,
H,back,tofcrf,001,0,-0.0403,0.0769,1.0742,0.1101,1.4887,2154.3667,0.7144,True,
H,back,tofcrf,001,1,-0.4239,0.1039,1.6702,0.1431,1.6377,3657.6556,0.5105,True,
H,back,tofcrf,001,2,-0.3041,0.0819,1.3845,0.1147,2.148,2935.4,0.7622,True,
H,back,tofcrf,001,3,0.2836,0.0799,0.9296,0.1096,1.6023,2108.7667,0.8102,True,
H,back,tofcrf,001,4,0.1357,0.0713,1.2559,0.106,1.3771,3389.2333,0.7313,True,
H,back,tofcrf,001,5,0.3794,0.0878,1.6189,0.1347,2.7279,4009.5,0.6632,True,
H,back,tofcrf,001,6,0.5262,0.1261,2.2324,0.1803,1.6285,4739.0667,0.5262,True,
H,back,tofcrf,001,7,-0.2774,0.0441,0.7926,0.0594,1.4196,2367.7778,0.884,True,
H,back,tofcrf,001,8,0.072,0.0603,1.0479,0.0865,2.1248,3784.9333,0.756,True,
H,back,tofcrf,001,9,0.3215,0.0701,1.4112,0.0956,1.8982,4120.5556,0.7623,True,
H,back,tofcrf,001,10,-0.0491,0.0478,0.8142,0.0658,1.6259,2442.1,1.149,True,
H,back,tofcrf,101,-1,0.1716,0.0191,1.5433,0.0283,4.9136,70222.1444,0.8075,True,
H,back,tofcrf,101,0,0.0586,0.0599,1.3741,0.086,2.7782,6458.6667,0.7324,True,
H,back,tofcrf,101,1,nan,nan,nan,nan,nan,0.0,nan,False,
H,back,tofcrf,101,2,0.2468,0.0725,1.8516,0.1048,2.6178,7153.8444,0.7865,True,
H,back,tofcrf,101,3,0.8892,0.1077,2.3537,0.1477,5.4054,11183.7556,0.4966,True,
H,back,tofcrf,101,4,0.2993,0.0689,1.4391,0.097,2.1711,5769.8667,0.9494,True,
H,back,tofcrf,101,5,-0.1015,0.0499,1.2166,0.0735,1.9895,5540.9,0.9242,True,
H,back,tofcrf,101,6,0.3977,0.0742,1.7633,0.1109,4.0091,7623.5222,0.8604,True,
H,back,tofcrf,101,7,0.0978,0.0456,1.3475,0.0665,2.3661,9002.3222,0.8952,True,
H,back,tofcrf,101,8,0.2104,0.0521,1.6214,0.0762,2.9359,10488.2778,0.7958,True,
H,back,tofcrf,101,9,nan,nan,nan,nan,nan,0.0,nan,False,
H,back,tofcrf,101,10,0.1653,0.0425,1.3207,0.0609,2.5006,8415.1333,1.1897,True,
H,back,tof,001,0,22.616,0.1083,1.6708,0.1537,1.5503,2876.6,0.6177,True,22.2712
H,back,tof,001,1,22.4567,0.1329,2.3675,0.1892,3.289,4713.6556,0.4722,True,22.1622
H,back,tof,001,2,22.2013,0.1171,1.9917,0.1604,2.8198,3738.6444,0.6816,True,22.077
H,back,tof,001,3,22.6133,0.0949,1.5776,0.1408,2.1842,2973.7778,0.6799,True,22.0159
H,back,tof,001,4,22.525,0.1022,1.7882,0.1469,1.7678,4317.3778,0.6517,True,21.9792
H,back,tof,001,5,22.8441,0.0898,1.7252,0.1276,2.5512,4222.9778,0.659,True,21.9669
H,back,tof,001,6,22.9822,0.1446,2.5451,0.2024,1.1607,5161.8222,0.5012,True,21.9792
H,back,tof,001,7,22.6224,0.1043,2.0927,0.149,1.8493,4884.7111,0.7082,True,22.0159
H,back,tof,001,8,22.8066,0.0915,1.9717,0.1265,3.8023,5906.8222,0.6351,True,22.077
H,back,tof,001,9,23.389,0.1106,2.2363,0.1512,0.3672,5943.4667,0.7097,True,22.1622
H,back,tof,001,10,22.8805,0.0783,1.5254,0.107,2.6454,3636.3667,0.9116,True,22.2712
H,back,tof,101,0,19.9473,0.0737,2.0768,0.1056,3.3525,8723.9273,0.6534,True,19.3011
H,back,tof,101,1,nan,nan,nan,nan,nan,0.0,nan,False,19.1751
H,back,tof,101,2,19.9056,0.0822,2.137,0.1139,6.1931,8072.9556,0.7755,True,19.0765
H,back,tof,101,3,20.6748,0.1021,2.7939,0.1357,4.588,12565.203,0.47,True,19.0058
H,back,tof,101,4,19.6446,0.0629,1.6154,0.0871,4.848,6308.8646,0.9286,True,18.9633
H,back,tof,101,5,19.2463,0.0656,1.7593,0.0911,2.7625,7074.7586,0.8324,True,18.9491
H,back,tof,101,6,19.725,0.0737,1.9132,0.1046,2.4267,8096.3657,0.845,True,18.9633
H,back,tof,101,7,19.6165,0.0548,1.7862,0.0769,3.7786,11001.8,0.8228,True,19.0058
H,back,tof,101,8,19.9275,0.0635,2.1057,0.0898,3.669,12422.1939,0.7335,True,19.0765
H,back,tof,101,9,14.3464,0.0648,2.0495,0.0918,3.0537,10427.5939,0.7975,True,19.1751
H,back,tof,101,10,19.9664,0.0453,1.6208,0.0635,3.4908,9642.6444,1.1179,True,19.3011
H,back_fv,tofc,total,-1,0.0446,0.021,1.4579,0.0309,3.1218,52789.2778,0.6232,True,
H,back_fv,tofc,001,-1,0.0547,0.0349,1.4381,0.0492,2.6909,19215.0333,0.5769,True,
H,back_fv,tofc,001,0,0.0764,0.177,1.8548,0.2512,0.5738,1748.9667,0.4626,True,
H,back_fv,tofc,001,1,-0.395,0.1511,1.6823,0.2072,0.9475,2026.5,0.3671,True,
H,back_fv,tofc,001,2,-0.4573,0.1203,1.766,0.1621,1.1145,1592.9444,0.6243,True,
H,back_fv,tofc,001,3,0.2273,0.105,0.9905,0.1595,0.7552,943.8556,0.7101,True,
H,back_fv,tofc,001,4,0.0421,0.1011,1.3576,0.139,1.5478,1963.2889,0.669,True,
H,back_fv,tofc,001,5,0.4393,0.1163,1.3243,0.1577,2.3988,1794.0222,0.6276,True,
H,back_fv,tofc,001,6,0.3158,0.1873,2.1024,0.2921,0.7044,2381.5333,0.4268,True,
H,back_fv,tofc,001,7,-0.1363,0.0912,0.982,0.13,1.9927,1384.7667,0.8745,True,
H,back_fv,tofc,001,8,0.1315,0.0863,1.1802,0.1112,2.0199,2281.0,0.6393,True,
H,back_fv,tofc,001,9,0.082,0.0975,1.2059,0.1384,1.9118,1681.8,0.7209,True,
H,back_fv,tofc,001,10,0.0521,0.1013,1.0905,0.1306,1.1506,1283.6778,0.8882,True,
H,back_fv,tofc,101,-1,0.0363,0.0265,1.4826,0.0381,3.3101,34162.0444,0.643,True,
H,back_fv,tofc,101,0,-0.0699,0.0836,1.5075,0.1265,2.2278,3337.4333,0.5344,True,
H,back_fv,tofc,101,1,nan,nan,nan,nan,nan,0.0,nan,False,
H,back_fv,tofc,101,2,0.0052,0.0898,1.6006,0.1203,1.9503,3155.9556,0.6986,True,
H,back_fv,tofc,101,3,0.3652,0.1135,1.7043,0.1615,2.5242,4154.7889,0.3427,True,
H,back_fv,tofc,101,4,0.1763,0.0841,1.263,0.1166,1.3931,2249.4111,0.8992,True,
H,back_fv,tofc,101,5,-0.277,0.0745,1.3165,0.1019,1.6179,2481.6778,0.7074,True,
H,back_fv,tofc,101,6,0.032,0.0849,1.4289,0.1182,2.3024,3111.3778,0.7898,True,
H,back_fv,tofc,101,7,-0.0422,0.0713,1.4641,0.1081,1.8632,4495.3778,0.6467,True,
H,back_fv,tofc,101,8,0.1261,0.065,1.559,0.0922,2.7571,6170.5333,0.6801,True,
H,back_fv,tofc,101,9,-5.885,0.0767,1.969,0.1056,2.4271,6991.6,0.7426,True,
H,back_fv,tofc,101,10,0.0985,0.0471,1.153,0.0655,2.2813,4512.6,1.1659,True,
H,back_fv,tofcrf,total,-1,-0.0294,0.0178,1.1982,0.0263,2.4381,47566.8111,0.6757,True,
H,back_fv,tofcrf,001,-1,-0.0435,0.0304,1.1583,0.0443,2.2712,17036.8778,0.6415,True,
H,back_fv,tofcrf,001,0,-0.1776,0.1094,1.0815,0.1552,0.1745,1245.2333,0.5606,True,
H,back_fv,tofcrf,001,1,-0.5261,0.1515,1.5243,0.2005,1.0825,1895.6222,0.376,True,
H,back_fv,tofcrf,001,2,-0.4573,0.1182,1.4355,0.1617,1.9961,1450.7444,0.6829,True,
H,back_fv,tofcrf,001,3,0.1003,0.0708,0.589,0.0898,1.1408,722.9333,0.9282,True,
H,back_fv,tofcrf,001,4,-0.0195,0.0803,1.1324,0.1165,1.6697,1788.7667,0.7282,True,
H,back_fv,tofcrf,001,5,0.2554,0.1245,1.522,0.197,1.4215,1910.8444,0.5915,True,
H,back_fv,tofcrf,001,6,0.2363,0.1497,1.7021,0.2063,0.2524,2063.5111,0.4556,True,
H,back_fv,tofcrf,001,7,-0.2416,0.0564,0.6138,0.0789,1.1034,1007.8111,1.0436,True,
H,back_fv,tofcrf,001,8,-0.0553,0.053,0.7617,0.0751,1.2255,1808.7444,0.7852,True,
H,back_fv,tofcrf,001,9,0.0214,0.0907,1.025,0.1298,1.1084,1522.0556,0.7592,True,
H,back_fv,tofcrf,001,10,-0.0689,0.0802,0.8872,0.1161,1.5576,1160.1778,0.9754,True,
H,back_fv,tofcrf,101,-1,-0.0175,0.0243,1.262,0.0353,2.294,31361.0444,0.6919,True,
H,back_fv,tofcrf,101,0,-0.2013,0.0652,1.1322,0.0974,1.8526,2885.6778,0.6124,True,
H,back_fv,tofcrf,101,1,nan,nan,nan,nan,nan,0.0,nan,False,
H,back_fv,tofcrf,101,2,-0.0704,0.0846,1.5597,0.1262,1.485,3129.9111,0.714,True,
H,back_fv,tofcrf,101,3,0.1325,0.0947,1.3113,0.1239,2.2953,3385.2,0.3635,True,
H,back_fv,tofcrf,101,4,0.0452,0.0673,0.9869,0.1014,1.4875,2000.8444,1.013,True,
H,back_fv,tofcrf,101,5,-0.2217,0.0617,0.9088,0.0894,1.7972,2087.4111,0.8679,True,
H,back_fv,tofcrf,101,6,-0.0635,0.0574,0.8391,0.0814,1.6739,2241.4778,0.9426,True,
H,back_fv,tofcrf,101,7,-0.1185,0.0649,1.2526,0.0946,1.9689,4175.3222,0.6944,True,
H,back_fv,tofcrf,101,8,0.0723,0.0666,1.5689,0.0953,2.4064,6241.8889,0.6764,True,
H,back_fv,tofcrf,101,9,-5.9265,0.0788,2.0277,0.1086,4.5336,7118.5556,0.738,True,
H,back_fv,tofcrf,101,10,-0.0698,0.0387,0.8564,0.0527,1.5659,3768.2778,1.3336,True,
H,back_fv,tof,001,0,22.5076,0.1335,1.7246,0.1697,0.1817,1643.8,0.4655,True,22.2712
H,back_fv,tof,001,1,22.4706,0.233,2.4624,0.3274,0.4421,2611.5667,0.3252,True,22.1622
H,back_fv,tof,001,2,22.0547,0.1869,2.0443,0.2688,1.2525,1745.5556,0.5866,True,22.077
H,back_fv,tof,001,3,22.4877,0.1059,1.1651,0.1391,0.6661,1006.4556,0.6473,True,22.0159
H,back_fv,tof,001,4,22.3756,0.118,1.5695,0.1377,2.8562,2108.8667,0.6179,True,21.9792
H,back_fv,tof,001,5,22.7664,0.1117,1.485,0.1567,1.7437,1904.9333,0.5902,True,21.9669
H,back_fv,tof,001,6,22.5745,0.146,1.9167,0.2052,0.7602,2207.8667,0.4318,True,21.9792
H,back_fv,tof,001,7,22.4054,0.1391,1.5244,0.1813,0.6229,1681.4444,0.7024,True,22.0159
H,back_fv,tof,001,8,22.4201,0.0887,1.3582,0.1191,2.2868,2443.7778,0.5988,True,22.077
H,back_fv,tof,001,9,22.3753,0.0982,1.0953,0.1322,2.471,1506.2,0.7024,True,22.1622
H,back_fv,tof,001,10,22.7186,0.1159,1.3496,0.1465,0.5508,1376.1,0.7788,True,22.2712
H,back_fv,tof,101,0,19.5729,0.0981,1.7853,0.1396,2.8296,3688.9576,0.5015,True,19.3011
H,back_fv,tof,101,1,27.7685,0.2335,4.0795,0.3377,1.3448,7394.8889,0.2463,True,19.1751
H,back_fv,tof,101,2,19.4766,0.0977,1.7425,0.1427,2.4402,3298.3071,0.669,True,19.0765
H,back_fv,tof,101,3,19.7785,0.1285,1.9574,0.1683,0.2759,4414.396,0.3186,True,19.0058
H,back_fv,tof,101,4,19.4392,0.0811,1.3171,0.1118,2.5356,2252.1636,0.8843,True,18.9633
H,back_fv,tof,101,5,19.0025,0.0761,1.2414,0.1028,1.5828,2369.8222,0.7311,True,18.9491
H,back_fv,tof,101,6,19.3103,0.099,1.5396,0.1351,0.96,3162.4929,0.7523,True,18.9633
H,back_fv,tof,101,7,19.3419,0.0761,1.6316,0.1048,2.2371,4862.4576,0.6171,True,19.0058
H,back_fv,tof,101,8,19.673,0.077,1.8655,0.1084,3.6325,6867.8586,0.6286,True,19.0765
H,back_fv,tof,101,9,14.0421,0.0636,1.7008,0.0899,3.0494,6699.3768,0.8382,True,19.1751
H,back_fv,tof,101,10,19.7616,0.0563,1.4136,0.0784,2.5599,4913.6586,1.0712,True,19.3011
P,back_Elo2,tofc,total,-1,0.1847,0.0439,1.4962,0.0637,3.676,14296.3222,0.6424,True,
P,back_Ehi2,tofc,total,-1,0.1975,0.0169,1.5985,0.0241,6.8176,111469.3222,0.5474,True,
P,back_Elo5,tofc,total,-1,0.2758,0.0359,1.5792,0.0527,3.7858,29697.9889,0.4438,True,
P,back_Ehi5,tofc,total,-1,0.1721,0.0171,1.5861,0.0245,3.8458,98274.1333,0.5893,True,
P,back_Elo10,tofc,total,-1,0.341,0.0205,1.6703,0.0287,6.3478,83086.6889,0.5795,True,
P,back_Ehi10,tofc,total,-1,0.0144,0.0235,1.4961,0.0345,3.1323,46434.5556,0.5229,True,
P,back_Elo15,tofc,total,-1,0.2457,0.0175,1.6008,0.0244,6.622,106203.7444,0.5969,True,
P,back_Ehi15,tofc,total,-1,-0.0308,0.038,1.5565,0.053,2.9198,22600.0667,0.4181,True,
P,back_Elo20,tofc,total,-1,0.2097,0.0163,1.5939,0.023,6.7268,113431.9333,0.5912,True,
P,back_Ehi20,tofc,total,-1,0.0606,0.0581,1.5557,0.0868,3.5507,12486.1556,0.3596,True,
P,back_Elo2,tofcrf,total,-1,0.3844,0.036,1.2328,0.0532,2.9083,12863.3778,0.6893,True,
P,back_Ehi2,tofcrf,total,-1,0.323,0.0151,1.3217,0.0227,3.5145,99110.5889,0.5769,True,
P,back_Elo5,tofcrf,total,-1,0.4232,0.0305,1.3681,0.045,3.4468,26581.0333,0.4682,True,
P,back_Ehi5,tofcrf,total,-1,0.3031,0.0151,1.3061,0.0229,3.4367,86325.2667,0.6328,True,
P,back_Elo10,tofcrf,total,-1,0.4483,0.018,1.383,0.0265,5.9092,73850.0333,0.6038,True,
P,back_Ehi10,tofcrf,total,-1,0.1783,0.0213,1.235,0.0329,2.8786,41509.2111,0.5577,True,
P,back_Elo15,tofcrf,total,-1,0.3921,0.0141,1.3386,0.0209,3.4236,94400.1222,0.6252,True,
P,back_Ehi15,tofcrf,total,-1,0.0964,0.0331,1.2783,0.049,3.0285,20311.9556,0.4457,True,
P,back_Elo20,tofcrf,total,-1,0.3529,0.015,1.3306,0.0222,3.442,103821.6333,0.6184,True,
P,back_Ehi20,tofcrf,total,-1,0.1543,0.045,1.0838,0.0678,2.559,9987.2222,0.4005,True,
P,back_fv_Elo2,tofc,total,-1,0.0525,0.0456,1.2629,0.0661,2.8412,7393.1111,0.6173,True,
P,back_fv_Ehi2,tofc,total,-1,0.0092,0.0188,1.4407,0.0266,3.0226,58395.9222,0.4859,True,
P,back_fv_Elo5,tofc,total,-1,0.1447,0.0455,1.4342,0.0646,3.2065,15907.8667,0.3326,True,
P,back_fv_Ehi5,tofc,total,-1,-0.0024,0.0215,1.4509,0.0304,2.952,50488.9444,0.5859,True,
P,back_fv_Elo10,tofc,total,-1,0.1326,0.0253,1.4454,0.0367,3.3387,40321.0667,0.4559,True,
P,back_fv_Ehi10,tofc,total,-1,-0.1216,0.029,1.3937,0.0418,2.7818,25788.4111,0.5855,True,
P,back_fv_Elo15,tofc,total,-1,0.0865,0.0235,1.4427,0.0339,3.2278,53025.2,0.5087,True,
P,back_fv_Ehi15,tofc,total,-1,-0.1595,0.0458,1.4172,0.0685,2.5882,12268.0556,0.4847,True,
P,back_fv_Elo20,tofc,total,-1,0.0564,0.0215,1.4345,0.0315,3.1507,59761.4333,0.5073,True,
P,back_fv_Ehi20,tofc,total,-1,-0.0863,0.0649,1.3392,0.0954,2.4866,6196.8222,0.425,True,
P,back_fv_Elo2,tofcrf,total,-1,0.2645,0.0434,1.1405,0.0648,2.4461,7118.9,0.6441,True,
P,back_fv_Ehi2,tofcrf,total,-1,0.1885,0.0178,1.214,0.0269,2.8157,54345.7556,0.5218,True,
P,back_fv_Elo5,tofcrf,total,-1,0.2954,0.0396,1.2651,0.0577,2.9187,15013.9,0.3487,True,
P,back_fv_Ehi5,tofcrf,total,-1,0.1716,0.0177,1.0972,0.0273,2.807,44348.4222,0.6714,True,
P,back_fv_Elo10,tofcrf,total,-1,0.2932,0.0235,1.1916,0.036,2.832,36698.5667,0.4979,True,
P,back_fv_Ehi10,tofcrf,total,-1,0.0901,0.0212,1.0512,0.0332,2.7119,22536.7556,0.6749,True,
P,back_fv_Elo15,tofcrf,total,-1,0.2489,0.0177,1.1495,0.0273,2.764,48164.1667,0.5583,True,
P,back_fv_Ehi15,tofcrf,total,-1,-0.0075,0.0384,1.2236,0.0575,2.6096,11618.1556,0.5126,True,
P,back_fv_Elo20,tofcrf,total,-1,0.2247,0.0163,1.1472,0.0255,2.8034,53475.3333,0.5674,True,
P,back_fv_Ehi20,tofcrf,total,-1,0.0214,0.0544,1.1799,0.0779,2.5936,5856.2111,0.4523,True,
H,back_Elo2,tofc,total,-1,0.2798,0.0356,1.4205,0.0515,3.6124,12810.2,0.9705,True,
H,back_Ehi2,tofc,total,-1,0.294,0.0193,1.7871,0.0277,7.0567,106498.3778,0.718,True,
H,back_Elo5,tofc,total,-1,0.3732,0.0387,1.7198,0.0557,6.0655,27153.2222,0.6071,True,
H,back_Ehi5,tofc,total,-1,0.2764,0.0184,1.706,0.0273,7.3952,90368.5444,0.8015,True,
H,back_Elo10,tofc,total,-1,0.4608,0.0218,1.7678,0.0313,6.3414,73335.5444,0.7758,True,
H,back_Ehi10,tofc,total,-1,0.0805,0.0257,1.6716,0.0379,3.4663,44748.5778,0.6956,True,
H,back_Elo15,tofc,total,-1,0.3566,0.0186,1.7067,0.0267,6.9546,94890.9444,0.8008,True,
H,back_Ehi15,tofc,total,-1,-0.0203,0.0403,1.6335,0.0607,9.309,21018.3889,0.5734,True,
H,back_Elo20,tofc,total,-1,0.3114,0.0171,1.6927,0.0249,6.984,104352.6333,0.7901,True,
H,back_Ehi20,tofc,total,-1,0.1541,0.0671,1.9142,0.0931,9.829,13227.6778,0.4913,True,
H,back_Elo2,tofcrf,total,-1,0.0191,0.0338,1.0439,0.047,2.4944,10645.9667,1.062,True,
H,back_Ehi2,tofcrf,total,-1,0.1601,0.0169,1.4864,0.0252,6.6465,92719.5222,0.7455,True,
H,back_Elo5,tofcrf,total,-1,0.2484,0.0338,1.4051,0.0494,3.9282,23267.1778,0.6454,True,
H,back_Ehi5,tofcrf,total,-1,0.1351,0.0167,1.4605,0.0248,6.6194,80956.9778,0.8369,True,
H,back_Elo10,tofcrf,total,-1,0.2799,0.0197,1.3997,0.0281,6.2454,62769.2778,0.8236,True,
H,back_Ehi10,tofcrf,total,-1,-0.0335,0.0253,1.4844,0.038,2.7875,40587.9889,0.7117,True,
H,back_Elo15,tofcrf,total,-1,0.2242,0.0162,1.3982,0.0238,6.213,83555.0222,0.8503,True,
H,back_Ehi15,tofcrf,total,-1,-0.1139,0.0346,1.4337,0.0527,2.8442,18858.3556,0.6026,True,
H,back_Elo20,tofcrf,total,-1,0.1859,0.0148,1.3861,0.0221,6.1763,89146.1556,0.8429,True,
H,back_Ehi20,tofcrf,total,-1,-0.0503,0.0573,1.6593,0.0776,5.3583,11992.1333,0.5108,True,
H,back_fv_Elo2,tofc,total,-1,0.1075,0.0478,1.2716,0.0673,2.5675,6495.3556,0.8408,True,
H,back_fv_Ehi2,tofc,total,-1,0.0643,0.0239,1.5424,0.0356,3.271,46496.8,0.5956,True,
H,back_fv_Elo5,tofc,total,-1,0.1576,0.0493,1.5733,0.0724,3.9658,13187.1556,0.4286,True,
H,back_fv_Ehi5,tofc,total,-1,0.0359,0.0233,1.4073,0.0346,3.2051,38566.0,0.7537,True,
H,back_fv_Elo10,tofc,total,-1,0.1903,0.0288,1.5605,0.0413,3.613,32132.3667,0.5633,True,
H,back_fv_Ehi10,tofc,total,-1,-0.1051,0.0284,1.3003,0.0423,2.8977,19821.8,0.7782,True,
H,back_fv_Elo15,tofc,total,-1,0.1457,0.0246,1.4877,0.0366,3.3452,42400.4111,0.6258,True,
H,back_fv_Ehi15,tofc,total,-1,-0.1817,0.0443,1.3791,0.0673,2.7867,9807.7444,0.6483,True,
H,back_fv_Elo20,tofc,total,-1,0.1005,0.0215,1.4549,0.0323,3.2251,47348.7111,0.6383,True,
H,back_fv_Ehi20,tofc,total,-1,-0.2175,0.0658,1.382,0.1022,3.2482,5128.5556,0.5499,True,
H,back_fv_Elo2,tofcrf,total,-1,-0.0788,0.0359,0.8634,0.0516,2.0864,5350.2111,0.9831,True,
H,back_fv_Ehi2,tofcrf,total,-1,-0.0127,0.0207,1.2338,0.031,2.7073,41675.3333,0.6565,True,
H,back_fv_Elo5,tofcrf,total,-1,0.0822,0.0435,1.2833,0.0651,2.7701,11869.8667,0.457,True,
H,back_fv_Ehi5,tofcrf,total,-1,-0.0586,0.0191,1.0773,0.0285,2.4609,33858.9,0.8336,True,
H,back_fv_Elo10,tofcrf,total,-1,0.1085,0.0265,1.175,0.0385,2.8197,27953.0,0.6269,True,
H,back_fv_Ehi10,tofcrf,total,-1,-0.2102,0.026,1.0678,0.0385,2.3793,17862.3222,0.8598,True,
H,back_fv_Elo15,tofcrf,total,-1,0.0424,0.0199,1.1473,0.0297,2.6338,36817.0111,0.7014,True,
H,back_fv_Ehi15,tofcrf,total,-1,-0.2588,0.0376,1.0757,0.0589,2.316,8848.3111,0.7112,True,
H,back_fv_Elo20,tofcrf,total,-1,-0.0192,0.0195,1.0944,0.0287,2.5923,40046.8444,0.727,True,
H,back_fv_Ehi20,tofcrf,total,-1,-0.2771,0.0657,1.44,0.1015,2.2582,5361.9222,0.5366,True,
