plane,paddle,cat,old_mu,old_emu,old_sig,new_mu,new_emu,new_sig,old_rel,new_rel
000,1,all,1727.9515,0.0803,0.8825,1727.8543,0.1008,0.9087,-0.1711,-0.0049
000,2,all,1728.2412,0.0909,0.8867,1727.8237,0.0850,0.8089,0.1186,-0.0355
000,3,all,1728.5036,0.1191,0.9648,1728.1774,0.1180,1.0086,0.3810,0.3182
000,4,all,1728.5154,0.0637,0.9475,1728.1051,0.0671,0.8959,0.3927,0.2459
000,5,all,1728.1226,0.0586,0.7759,1727.9823,0.0878,0.9613,0.0000,0.1231
000,6,all,1728.0998,0.0695,0.8644,1727.6914,0.0804,0.8786,-0.0228,-0.1679
000,7,all,1728.4588,0.1106,0.9838,1728.0439,0.0970,1.0077,0.3362,0.1846
000,8,all,1728.4942,0.1089,0.9201,1728.1124,0.1053,0.9303,0.3716,0.2532
000,9,all,1728.2796,0.0885,0.7623,1728.0492,0.1055,0.8368,0.1569,0.1900
000,10,all,1728.0845,0.0743,0.8241,1727.8507,0.0727,0.8757,-0.0382,-0.0086
000,11,all,1728.0480,0.0568,0.8583,1727.7108,0.0462,0.8767,-0.0746,-0.1484
001,1,bveto,1728.0820,0.1106,0.9629,1727.6515,0.1844,0.9829,-0.0406,-0.2077
001,2,bveto,1728.0032,0.1431,1.0540,1727.7796,0.1541,1.1715,-0.1195,-0.0796
001,3,bveto,1727.5937,0.1372,1.1238,1728.0238,0.1206,1.0343,-0.5289,0.1646
001,4,bveto,1728.2449,0.1358,1.0179,1727.8936,0.1152,1.0280,0.1223,0.0344
001,5,bveto,1728.0168,0.0848,0.9319,1727.7778,0.0751,0.9245,-0.1058,-0.0814
001,6,bveto,1728.1583,0.0756,0.8344,1727.8950,0.0779,0.8629,0.0357,0.0358
001,7,bveto,1727.8950,0.0946,0.7371,1727.7076,0.1765,1.1185,-0.2276,-0.1517
001,8,bveto,1727.8238,0.0771,0.9388,1727.6262,0.0726,0.9546,-0.2988,-0.2330
001,9,bveto,1728.0689,0.0843,0.9551,1727.7954,0.0769,0.9675,-0.0537,-0.0638
001,10,bveto,1728.2131,0.1053,0.9726,1727.7310,0.0888,0.9772,0.0905,-0.1282
001,11,bveto,1727.9263,0.0485,0.7805,1727.5650,0.0516,0.7726,-0.1963,-0.2942
100,1,all,1728.3341,0.0693,0.6785,1727.8808,0.0593,0.6908,0.2115,0.0216
100,2,all,1728.3195,0.1063,0.9374,1727.9062,0.0926,0.8641,0.1969,0.0470
100,3,all,1728.4029,0.1133,0.6950,1727.9634,0.1592,0.8715,0.2802,0.1042
100,4,all,1728.2339,0.1156,0.8976,1727.8817,0.0922,0.8837,0.1113,0.0225
100,5,all,1727.9357,0.0778,0.8445,1727.8592,0.0804,0.7618,-0.1869,0.0000
100,6,all,1728.2752,0.0919,0.8733,1728.2803,0.0899,0.9126,0.1526,0.4211
100,7,all,1727.9662,0.1475,0.8330,1727.8466,0.0951,0.8159,-0.1564,-0.0126
100,8,all,1728.2117,0.1139,0.9195,1727.8858,0.1106,0.9025,0.0891,0.0266
100,9,all,1728.4137,0.4085,0.9148,1727.7608,0.3960,0.8919,0.2911,-0.0984
100,10,all,1728.4200,0.3953,1.3182,1727.4656,0.3426,1.2379,0.2974,-0.3936
100,11,all,1728.5284,0.1544,1.1032,1728.1135,0.1030,0.9142,0.4058,0.2542
101,1,bveto,1727.9452,0.0746,0.8384,1727.5244,0.0707,0.8276,-0.1774,-0.3348
101,2,bveto,1727.5620,0.0987,0.3795,1727.6344,0.0450,0.8593,-0.5606,-0.2248
101,3,bveto,1727.9784,0.0683,1.0176,1727.6976,0.0634,0.8666,-0.1442,-0.1616
101,4,bveto,1727.8761,0.1254,0.9630,1727.3981,0.1360,0.8940,-0.2466,-0.4611
101,5,bveto,1727.9985,0.0810,1.0467,1727.6687,0.0735,0.9705,-0.1241,-0.1905
101,6,bveto,1727.7648,0.0632,0.7720,1727.6022,0.0398,0.8287,-0.3578,-0.2571
101,7,bveto,1728.0458,0.0760,0.9745,1727.8375,0.0768,0.9027,-0.0768,-0.0217
101,8,bveto,1727.7594,0.0535,0.8712,1727.6525,0.0449,0.9285,-0.3632,-0.2067
101,9,bveto,1727.9157,0.0499,1.0478,1727.6465,0.0522,1.0488,-0.2069,-0.2127
101,10,bveto,1727.4133,1.3477,1.9055,1728.6126,0.2747,0.7128,-0.7093,0.7534
101,11,bveto,1727.9441,0.0608,0.8581,1727.7255,0.0609,0.9548,-0.1785,-0.1337
200,1,all,1728.0157,0.0624,0.8891,1727.7783,0.0661,0.9181,-0.1070,-0.0810
200,2,all,1728.1600,0.1151,0.8027,1728.0622,0.1109,0.7463,0.0374,0.2029
200,3,all,1728.3436,0.0992,0.8187,1728.2214,0.1007,0.9387,0.2210,0.3622
200,4,all,1728.2319,0.1475,0.7953,1728.0490,0.1462,0.8359,0.1093,0.1898
200,5,all,1728.0949,0.0808,0.5597,1727.9834,0.1005,0.7137,-0.0277,0.1242
200,6,all,1728.4557,0.0913,0.5766,1728.1975,0.1474,0.8216,0.3331,0.3383
200,7,all,1728.3485,0.1061,0.4327,1727.9673,0.1602,0.5242,0.2259,0.1081
200,8,all,1728.5072,0.1722,1.0246,1728.0128,0.1276,0.7955,0.3846,0.1536
200,9,all,1728.4993,0.1277,0.8491,1728.0694,0.1092,0.7022,0.3767,0.2102
200,10,all,1728.5307,0.0985,0.8188,1728.2870,0.1276,1.0383,0.4081,0.4278
200,11,all,1728.3376,0.1055,0.3595,1728.2319,0.0947,0.2331,0.2150,0.3727
