# LAD 100-1 top PMT signal state per run, from the first segment (<=200k events) of the ifarm slim replays.
# bad = the top signal is small and bipolar (fault in the signal path, from run 22698 on); identified by the
# same-paddle 100-1/101-1 good-hit pairs: late (3.5-7 ns) / fast (0.5-3 ns) > 0.6 (good < 0.3, mixed between:
# runs that switch during the first segment). unknown: fewer than 30 pairs. Runs past the first segment may switch.
run,events,fast_pairs,late_pairs,late_over_fast,state
22013,9487,0,0,inf,unknown
22023,200000,0,0,inf,unknown
22024,197629,0,0,inf,unknown
22025,174267,0,0,inf,unknown
22026,133962,0,0,inf,unknown
22027,200000,0,0,inf,unknown
22028,92790,0,0,inf,unknown
22029,143708,0,0,inf,unknown
22030,114765,0,0,inf,unknown
22031,52823,0,0,inf,unknown
22032,200000,0,0,inf,unknown
22033,168853,0,0,inf,unknown
22034,200000,0,0,inf,unknown
22035,200000,173,30,0.173,good
22036,167198,57,6,0.105,good
22037,200000,0,0,inf,unknown
22038,200000,373,44,0.118,good
22039,200000,0,0,inf,unknown
22040,200000,0,0,inf,unknown
22041,200000,0,0,inf,unknown
22042,200000,0,0,inf,unknown
22043,200000,354,44,0.124,good
22044,200000,0,0,inf,unknown
22045,200000,0,0,inf,unknown
22046,200000,0,0,inf,unknown
22047,123054,0,0,inf,unknown
22048,32836,0,0,inf,unknown
22049,200000,0,0,inf,unknown
22050,200000,0,0,inf,unknown
22052,72709,0,0,inf,unknown
22062,165433,0,0,inf,unknown
22064,56749,0,0,inf,unknown
22065,165446,0,0,inf,unknown
22066,165449,0,0,inf,unknown
22067,117591,0,0,inf,unknown
22068,109949,0,0,inf,unknown
22069,165288,0,0,inf,unknown
22070,136652,0,0,inf,unknown
22071,165246,0,0,inf,unknown
22072,165267,0,0,inf,unknown
22073,165251,0,0,inf,unknown
22079,59751,0,0,inf,unknown
22080,31904,0,0,inf,unknown
22081,103499,0,0,inf,unknown
22083,54039,0,0,inf,unknown
22084,52617,0,0,inf,unknown
22086,80676,0,0,inf,unknown
22087,141684,0,0,inf,unknown
22088,35483,0,0,inf,unknown
22089,38360,0,0,inf,unknown
22090,43012,0,0,inf,unknown
22091,49219,0,0,inf,unknown
22092,40657,0,0,inf,unknown
22093,24137,0,0,inf,unknown
22094,19341,0,0,inf,unknown
22095,57037,0,0,inf,unknown
22096,53569,0,0,inf,unknown
22097,20007,0,0,inf,unknown
22098,200000,0,0,inf,unknown
22099,200000,0,0,inf,unknown
22100,200000,0,0,inf,unknown
22101,200000,0,0,inf,unknown
22102,196120,0,0,inf,unknown
22103,200000,0,0,inf,unknown
22105,200000,0,0,inf,unknown
22106,200000,0,0,inf,unknown
22107,200000,0,0,inf,unknown
22108,200000,0,0,inf,unknown
22109,200000,0,0,inf,unknown
22110,200000,0,0,inf,unknown
22111,53,0,0,inf,unknown
22112,200000,0,0,inf,unknown
22113,20622,0,0,inf,unknown
22114,20007,0,1,inf,unknown
22115,200000,60,11,0.183,good
22116,200000,106,22,0.208,good
22117,45681,1,0,0.000,unknown
22118,24712,0,0,inf,unknown
22119,55359,7,1,0.143,unknown
22120,54574,5,1,0.200,unknown
22124,10568,2,0,0.000,unknown
22126,4088,0,0,inf,unknown
22127,9128,0,0,inf,unknown
22129,0,0,0,inf,unknown
22133,18288,2,0,0.000,unknown
22134,22673,2,0,0.000,unknown
22135,0,0,0,inf,unknown
22136,19693,2,0,0.000,unknown
22138,160315,259,20,0.077,good
22140,0,0,0,inf,unknown
22144,160435,262,23,0.088,good
22146,160268,276,20,0.072,good
22148,163136,138,13,0.094,good
22150,164854,79,1,0.013,good
22151,160640,285,14,0.049,good
22152,166204,11,1,0.091,unknown
22153,122362,7,1,0.143,unknown
22154,160802,256,17,0.066,good
22155,162967,145,11,0.076,good
22156,0,0,0,inf,unknown
22178,102275,0,0,inf,unknown
22179,117185,0,0,inf,unknown
22180,45649,0,0,inf,unknown
22181,107214,118,12,0.102,good
22182,160034,173,6,0.035,good
22183,160009,171,8,0.047,good
22184,159917,196,8,0.041,good
22185,159930,181,14,0.077,good
22186,160020,165,13,0.079,good
22187,96626,119,4,0.034,good
22188,160014,171,9,0.053,good
22189,158218,279,18,0.065,good
22190,164337,0,0,inf,unknown
22191,164365,0,0,inf,unknown
22192,162533,104,3,0.029,good
22193,162524,99,9,0.091,good
22195,162883,89,9,0.101,good
22196,162901,92,9,0.098,good
22197,0,0,0,inf,unknown
22199,53362,0,0,inf,unknown
22200,155294,0,0,inf,unknown
22201,16596,0,0,inf,unknown
22202,160487,173,10,0.058,good
22203,136380,66,3,0.045,good
22205,161022,95,4,0.042,good
22206,163152,92,3,0.033,good
22207,163363,83,2,0.024,good
22208,163445,87,3,0.034,good
22209,163689,93,7,0.075,good
22210,163723,76,10,0.132,good
22216,102552,59,2,0.034,good
22218,163700,83,2,0.024,good
22219,163730,96,6,0.062,good
22221,16640,11,1,0.091,unknown
22222,200000,107,3,0.028,good
22223,200000,87,4,0.046,good
22224,200000,90,1,0.011,good
22225,200000,95,3,0.032,good
22227,163017,0,0,inf,unknown
22229,163173,94,4,0.043,good
22235,163488,91,4,0.044,good
22236,163403,84,10,0.119,good
22237,163564,78,8,0.103,good
22238,163341,81,6,0.074,good
22240,163260,72,1,0.014,good
22241,163442,82,9,0.110,good
22242,163508,88,1,0.011,good
22243,163530,75,5,0.067,good
22244,163587,74,1,0.014,good
22246,167184,0,0,inf,unknown
22247,163425,87,5,0.057,good
22249,162695,309,20,0.065,good
22250,163920,0,0,inf,unknown
22251,163700,61,1,0.016,good
22252,163719,81,8,0.099,good
22253,163710,68,3,0.044,good
22255,163770,77,5,0.065,good
22256,163764,68,6,0.088,good
22257,163748,75,7,0.093,good
22258,163797,88,5,0.057,good
22259,163824,63,9,0.143,good
22260,163869,81,1,0.012,good
22261,163843,82,5,0.061,good
22262,163889,53,5,0.094,good
22265,79677,31,2,0.065,good
22266,163808,69,6,0.087,good
22267,163854,82,4,0.049,good
22268,163815,78,2,0.026,good
22269,163905,54,4,0.074,good
22270,163951,71,2,0.028,good
22271,163028,240,14,0.058,good
22272,164233,0,0,inf,unknown
22273,163919,67,5,0.075,good
22274,163975,68,6,0.088,good
22275,164003,64,4,0.062,good
22276,163978,59,8,0.136,good
22277,163902,63,5,0.079,good
22278,163981,76,2,0.026,good
22279,164007,79,5,0.063,good
22281,40130,1,0,0.000,unknown
22282,166655,2,0,0.000,unknown
22286,92825,2,0,0.000,unknown
22287,163935,67,3,0.045,good
22288,163947,64,6,0.094,good
22289,163971,62,4,0.065,good
22290,164022,51,5,0.098,good
22291,163972,64,5,0.078,good
22292,164018,57,5,0.088,good
22293,164041,54,7,0.130,good
22295,163972,58,6,0.103,good
22296,164066,81,2,0.025,good
22297,106136,35,1,0.029,good
22298,163987,69,7,0.101,good
22299,163998,61,5,0.082,good
22300,164135,63,4,0.063,good
22301,164222,55,2,0.036,good
22302,163738,77,2,0.026,good
22304,163445,277,18,0.065,good
22305,164463,0,0,inf,unknown
22306,163775,62,4,0.065,good
22307,163845,90,5,0.056,good
22308,163887,74,6,0.081,good
22309,163901,58,3,0.052,good
22310,163909,59,1,0.017,good
22311,163858,68,9,0.132,good
22322,163936,57,6,0.105,good
22323,164058,56,2,0.036,good
22324,164073,72,3,0.042,good
22325,164119,61,4,0.066,good
22326,164129,73,4,0.055,good
22327,164159,50,5,0.100,good
22328,164036,71,4,0.056,good
22329,164110,64,6,0.094,good
22330,164159,68,7,0.103,good
22331,164049,47,4,0.085,good
22332,164020,68,4,0.059,good
22333,134662,70,6,0.086,good
22334,163836,103,11,0.107,good
22335,164010,65,5,0.077,good
22336,163997,55,3,0.055,good
22337,3672,0,0,inf,unknown
22338,163561,71,2,0.028,good
22339,162770,303,26,0.086,good
22340,164005,0,0,inf,unknown
22341,163664,77,6,0.078,good
22343,163757,62,4,0.065,good
22344,163817,67,3,0.045,good
22345,163801,76,6,0.079,good
22346,163872,62,6,0.097,good
22347,163863,46,2,0.043,good
22348,163847,56,8,0.143,good
22349,44,0,0,inf,unknown
22350,163963,55,7,0.127,good
22351,89103,42,5,0.119,good
22352,164030,49,5,0.102,good
22353,164003,62,2,0.032,good
22354,164052,64,4,0.062,good
22358,82789,0,0,inf,unknown
22359,41058,0,0,inf,unknown
22360,11532,0,0,inf,unknown
22361,4895,0,0,inf,unknown
22362,172920,0,0,inf,unknown
22363,70511,0,0,inf,unknown
22364,163583,68,8,0.118,good
22365,163655,66,7,0.106,good
22367,4888,0,0,inf,unknown
22372,113201,0,0,inf,unknown
22373,71272,0,0,inf,unknown
22374,34619,0,0,inf,unknown
22375,163676,65,4,0.062,good
22376,5601,1,0,0.000,unknown
22377,163784,58,4,0.069,good
22378,163816,68,5,0.074,good
22379,163862,58,7,0.121,good
22380,163900,60,7,0.117,good
22381,163930,65,7,0.108,good
22382,163940,68,5,0.074,good
22383,163956,64,6,0.094,good
22384,163961,55,5,0.091,good
22386,164010,66,4,0.061,good
22387,163970,63,3,0.048,good
22388,163979,59,5,0.085,good
22389,163990,74,10,0.135,good
22390,163993,70,3,0.043,good
22391,163949,61,1,0.016,good
22392,163430,75,3,0.040,good
22393,163474,72,4,0.056,good
22395,163435,76,3,0.039,good
22396,163172,303,16,0.053,good
22397,162538,282,21,0.074,good
22398,164178,0,0,inf,unknown
22399,163485,74,5,0.068,good
22400,163701,68,4,0.059,good
22401,163654,64,2,0.031,good
22402,163690,73,3,0.041,good
22404,163725,66,7,0.106,good
22405,163717,72,7,0.097,good
22406,163721,66,8,0.121,good
22407,163754,63,12,0.190,good
22408,163799,63,2,0.032,good
22409,163745,72,3,0.042,good
22410,163763,57,5,0.088,good
22411,163789,61,9,0.148,good
22412,163833,57,6,0.105,good
22413,163882,63,3,0.048,good
22414,163892,62,2,0.032,good
22417,163955,50,6,0.120,good
22419,163919,63,6,0.095,good
22420,163878,67,3,0.045,good
22421,163861,56,7,0.125,good
22422,163882,58,4,0.069,good
22424,163897,67,6,0.090,good
22425,163828,83,4,0.048,good
22426,163831,66,5,0.076,good
22427,163769,60,6,0.100,good
22428,162995,252,14,0.056,good
22429,164191,0,0,inf,unknown
22430,163880,75,3,0.040,good
22431,163895,69,3,0.043,good
22432,163916,62,4,0.065,good
22433,163948,67,6,0.090,good
22434,163923,75,5,0.067,good
22435,163833,48,5,0.104,good
22436,163825,55,5,0.091,good
22437,163703,74,6,0.081,good
22438,163708,56,5,0.089,good
22440,163672,72,4,0.056,good
22441,163690,61,4,0.066,good
22442,163796,65,4,0.062,good
22444,163798,62,3,0.048,good
22445,163796,50,3,0.060,good
22446,163819,59,4,0.068,good
22447,163827,61,1,0.016,good
22448,163794,63,7,0.111,good
22449,163862,78,5,0.064,good
22450,164019,61,2,0.033,good
22452,163999,64,2,0.031,good
22453,163939,67,6,0.090,good
22454,163959,59,2,0.034,good
22455,163711,226,15,0.066,good
22457,164791,0,0,inf,unknown
22459,164144,48,0,0.000,good
22463,164170,55,1,0.018,good
22464,164201,57,2,0.035,good
22465,164155,59,3,0.051,good
22466,164183,72,2,0.028,good
22467,164071,52,4,0.077,good
22470,164049,61,8,0.131,good
22471,164050,52,2,0.038,good
22472,164173,65,2,0.031,good
22473,164189,59,6,0.102,good
22474,163987,73,5,0.068,good
22475,164064,71,2,0.028,good
22476,164094,62,4,0.065,good
22477,164137,65,4,0.062,good
22478,164079,56,4,0.071,good
22480,164118,47,4,0.085,good
22560,104283,0,0,inf,unknown
22561,200000,0,0,inf,unknown
22562,11085,9,2,0.222,unknown
22563,56760,34,1,0.029,good
22564,58826,54,1,0.019,good
22565,59136,54,2,0.037,good
22566,59938,51,3,0.059,good
22567,59047,52,2,0.038,good
22568,61151,43,2,0.047,good
22570,156335,1601,124,0.077,good
22572,159407,1163,60,0.052,good
22573,162519,605,42,0.069,good
22574,109288,82,4,0.049,good
22586,146898,101,10,0.099,good
22587,7422,6,0,0.000,unknown
22590,158468,0,0,inf,unknown
22591,157649,874,31,0.035,good
22593,158365,736,31,0.042,good
22594,11912,43,0,0.000,good
22597,11643,0,0,inf,unknown
22598,24183,0,0,inf,unknown
22599,7402,0,0,inf,unknown
22600,156673,526,18,0.034,good
22601,158246,578,13,0.022,good
22602,157083,571,20,0.035,good
22603,156930,571,15,0.026,good
22604,156946,506,14,0.028,good
22605,156777,557,15,0.027,good
22606,156793,503,8,0.016,good
22607,156855,558,18,0.032,good
22608,157118,533,22,0.041,good
22609,161019,322,25,0.078,good
22610,160755,354,20,0.056,good
22611,160752,364,15,0.041,good
22613,161056,357,19,0.053,good
22614,161218,351,18,0.051,good
22615,161168,307,27,0.088,good
22616,157348,547,22,0.040,good
22617,157075,538,18,0.033,good
22618,157199,528,14,0.027,good
22619,157063,543,21,0.039,good
22620,157055,511,13,0.025,good
22621,157210,560,14,0.025,good
22622,157184,556,16,0.029,good
22623,157780,548,18,0.033,good
22624,157273,567,13,0.023,good
22625,157314,520,13,0.025,good
22630,157580,512,16,0.031,good
22631,157486,567,18,0.032,good
22632,157581,508,19,0.037,good
22633,157148,517,14,0.027,good
22634,157452,540,8,0.015,good
22635,157335,509,18,0.035,good
22636,157425,504,15,0.030,good
22637,157507,518,23,0.044,good
22638,157104,491,14,0.029,good
22639,157806,499,11,0.022,good
22640,157658,457,12,0.026,good
22641,158137,485,11,0.023,good
22642,158099,528,12,0.023,good
22643,157412,532,15,0.028,good
22644,157257,516,17,0.033,good
22646,157599,510,15,0.029,good
22647,157490,544,12,0.022,good
22648,157205,509,14,0.028,good
22649,157203,599,16,0.027,good
22650,157959,508,13,0.026,good
22651,158128,505,16,0.032,good
22652,158173,474,15,0.032,good
22654,157368,519,22,0.042,good
22656,157066,527,17,0.032,good
22658,157625,493,14,0.028,good
22659,157551,507,12,0.024,good
22660,157587,509,14,0.028,good
22661,157742,522,18,0.034,good
22662,157803,474,23,0.049,good
22663,158060,438,9,0.021,good
22664,158159,474,27,0.057,good
22665,157968,495,13,0.026,good
22666,158030,496,13,0.026,good
22667,158240,493,18,0.037,good
22668,158147,497,17,0.034,good
22669,158113,510,17,0.033,good
22670,129437,410,13,0.032,good
22671,158212,490,14,0.029,good
22672,158183,506,17,0.034,good
22673,158229,500,17,0.034,good
22674,157840,531,16,0.030,good
22675,157783,534,7,0.013,good
22676,157891,510,20,0.039,good
22678,135822,1744,45,0.026,good
22679,158282,0,0,inf,unknown
22680,157966,554,13,0.023,good
22681,157832,532,8,0.015,good
22682,157110,511,11,0.022,good
22683,157040,569,18,0.032,good
22689,138574,470,22,0.047,good
22691,157018,556,22,0.040,good
22693,156836,557,25,0.045,good
22694,157151,557,19,0.034,good
22696,156154,15,215,14.333,good
22697,156715,6,475,79.167,good
22698,155007,8,67,8.375,bad
22699,155238,19,89,4.684,bad
22700,154552,19,71,3.737,bad
22701,154678,22,78,3.545,bad
22702,155454,5,318,63.600,bad
22703,155160,35,82,2.343,bad
22704,155255,47,77,1.638,bad
22707,155527,64,91,1.422,bad
22708,47840,14,25,1.786,bad
22709,98848,32,52,1.625,bad
22710,155233,46,83,1.804,bad
22711,155577,65,75,1.154,bad
22720,121968,0,0,inf,unknown
22721,32035,0,0,inf,unknown
22722,156367,2,109,54.500,bad
22723,156361,1,118,118.000,bad
22724,156447,7,43,6.143,bad
22725,156516,7,45,6.429,bad
22726,157311,0,0,inf,unknown
22727,156898,0,0,inf,unknown
22728,156857,16,48,3.000,bad
22730,156700,15,71,4.733,bad
22732,156865,14,79,5.643,bad
22733,156880,12,65,5.417,bad
22735,156834,19,82,4.316,bad
22737,156632,9,57,6.333,bad
22738,0,0,0,inf,unknown
22739,156813,13,60,4.615,bad
22740,156712,15,63,4.200,bad
22741,156700,13,62,4.769,bad
22743,200000,12,80,6.667,bad
22744,200000,10,81,8.100,bad
22745,200000,12,107,8.917,bad
22746,200000,21,90,4.286,bad
22747,200000,12,79,6.583,bad
22748,200000,18,77,4.278,bad
22750,200000,26,102,3.923,bad
22751,200000,26,78,3.000,bad
22752,200000,22,72,3.273,bad
22753,200000,144,416,2.889,bad
22754,200000,121,413,3.413,bad
22755,200000,34,106,3.118,bad
22756,200000,27,92,3.407,bad
22757,200000,20,88,4.400,bad
22758,200000,26,86,3.308,bad
22759,200000,3,430,143.333,bad
22760,200000,24,93,3.875,bad
22761,200000,51,104,2.039,bad
22762,200000,28,87,3.107,bad
22763,200000,29,106,3.655,bad
22764,200000,44,104,2.364,bad
22765,200000,55,118,2.145,bad
22766,200000,61,125,2.049,bad
22767,200000,32,108,3.375,bad
22768,200000,42,105,2.500,bad
22769,200000,31,100,3.226,bad
22770,200000,46,107,2.326,bad
22771,200000,41,110,2.683,bad
22772,200000,39,112,2.872,bad
22773,200000,56,91,1.625,bad
22774,200000,25,96,3.840,bad
22775,200000,33,99,3.000,bad
22776,200000,38,104,2.737,bad
22777,200000,44,108,2.455,bad
22778,200000,14,489,34.929,bad
22779,200000,35,110,3.143,bad
22781,200000,0,0,inf,unknown
22782,200000,0,0,inf,unknown
22783,200000,59,103,1.746,bad
22784,200000,40,126,3.150,bad
22785,200000,41,117,2.854,bad
22786,200000,37,93,2.514,bad
22787,200000,35,85,2.429,bad
22788,200000,60,106,1.767,bad
22789,200000,52,129,2.481,bad
22790,200000,35,102,2.914,bad
22791,200000,43,100,2.326,bad
22792,200000,46,102,2.217,bad
22793,200000,69,108,1.565,bad
22794,200000,92,104,1.130,bad
22795,200000,28,117,4.179,bad
22796,200000,30,87,2.900,bad
22797,200000,37,109,2.946,bad
22798,200000,35,93,2.657,bad
22799,200000,1,14,14.000,unknown
22800,200000,0,14,inf,unknown
22811,156957,0,118,inf,bad
22812,119155,55,5,0.091,good
22824,68150,0,0,inf,unknown
22825,62744,0,0,inf,unknown
22826,67436,0,0,inf,unknown
22827,85476,0,0,inf,unknown
22828,177250,0,0,inf,unknown
22829,61005,0,0,inf,unknown
22830,127382,0,0,inf,unknown
22831,77980,0,0,inf,unknown
22832,78148,0,0,inf,unknown
22833,92133,0,0,inf,unknown
22834,66642,0,0,inf,unknown
22835,61488,0,0,inf,unknown
22836,58975,0,0,inf,unknown
22838,135832,0,0,inf,unknown
22839,80642,0,0,inf,unknown
22840,83305,0,0,inf,unknown
22841,161694,353,22,0.062,good
22842,168286,52,6,0.115,good
22843,168308,45,3,0.067,good
22844,168223,67,3,0.045,good
22845,156720,1,158,158.000,bad
22846,156989,12,49,4.083,bad
22847,157249,8,433,54.125,bad
22848,162580,348,13,0.037,good
22849,158578,475,27,0.057,good
22850,157095,10,134,13.400,bad
22851,157117,10,61,6.100,bad
22852,157305,3,339,113.000,bad
22853,157216,10,124,12.400,bad
22854,157279,14,81,5.786,bad
22855,157209,2,212,106.000,bad
22856,157120,1,177,177.000,bad
22857,157236,6,309,51.500,bad
22858,157321,2,365,182.500,bad
22859,157244,12,107,8.917,bad
22860,157103,0,178,inf,bad
22861,157263,2,186,93.000,bad
22862,157216,1,237,237.000,bad
22863,157519,8,64,8.000,bad
22864,157600,6,482,80.333,bad
22865,157494,16,64,4.000,bad
22866,157342,1,55,55.000,bad
22867,157030,2,83,41.500,bad
22868,156928,1,60,60.000,bad
22869,157580,29,66,2.276,bad
22870,157874,27,94,3.481,bad
22871,157524,22,68,3.091,bad
22873,157725,30,86,2.867,bad
22874,157644,22,87,3.955,bad
22875,157861,32,89,2.781,bad
22877,157935,35,90,2.571,bad
22878,158128,37,82,2.216,bad
22879,158003,38,86,2.263,bad
22880,17905,7,8,1.143,unknown
22881,30575,5,10,2.000,unknown
22882,158036,49,94,1.918,bad
22883,158051,42,85,2.024,bad
22884,158136,46,82,1.783,bad
22885,157676,14,76,5.429,bad
22886,157770,22,73,3.318,bad
22887,157767,24,79,3.292,bad
22888,158011,41,82,2.000,bad
22889,157811,25,106,4.240,bad
22890,157834,19,71,3.737,bad
22892,158938,501,25,0.050,good
22893,158717,511,29,0.057,good
22894,158756,100,87,0.870,bad
22895,158896,152,85,0.559,mixed
22896,158912,300,72,0.240,good
22897,158783,17,459,27.000,bad
22898,158722,105,83,0.790,bad
22900,158767,166,80,0.482,mixed
22902,157942,21,81,3.857,bad
22903,157980,27,94,3.481,bad
22905,157961,29,93,3.207,bad
22907,157975,34,84,2.471,bad
22912,158152,43,97,2.256,bad
22915,158179,41,113,2.756,bad
22916,158073,10,529,52.900,bad
22917,158044,32,89,2.781,bad
22918,158358,49,77,1.571,bad
22919,158247,57,104,1.825,bad
22920,158104,50,80,1.600,bad
22921,158139,25,82,3.280,bad
22922,158279,46,97,2.109,bad
22923,158183,32,92,2.875,bad
22924,158477,53,73,1.377,bad
22925,158139,47,84,1.787,bad
22927,158310,43,80,1.860,bad
22928,158223,31,88,2.839,bad
22930,158411,40,99,2.475,bad
22931,158350,55,103,1.873,bad
22933,158437,67,72,1.075,bad
22934,157827,27,79,2.926,bad
22936,157729,19,92,4.842,bad
22939,200000,0,0,inf,unknown
22940,200000,0,0,inf,unknown
22941,157601,3,444,148.000,bad
22943,157597,2,443,221.500,bad
22944,157588,3,431,143.667,bad
22945,156693,61,571,9.361,bad
22946,157893,0,0,inf,unknown
22947,157657,4,458,114.500,bad
22948,157691,3,439,146.333,bad
22949,157772,2,491,245.500,bad
22950,157746,2,498,249.000,bad
22951,157663,5,518,103.600,bad
22952,157892,27,99,3.667,bad
22953,157971,23,99,4.304,bad
22954,158081,32,102,3.188,bad
22955,157928,30,92,3.067,bad
22956,157954,32,81,2.531,bad
22957,158193,39,88,2.256,bad
22958,158089,44,105,2.386,bad
22959,93664,28,72,2.571,bad
22960,157465,132,332,2.515,bad
22961,158183,50,105,2.100,bad
22962,158455,62,98,1.581,bad
22963,158335,55,111,2.018,bad
22964,64154,0,0,inf,unknown
22965,157278,138,602,4.362,bad
22966,158202,0,0,inf,unknown
22967,157582,3,335,111.667,bad
22968,157903,19,74,3.895,bad
22969,157905,23,84,3.652,bad
22970,158069,25,92,3.680,bad
22971,158098,12,454,37.833,bad
22972,158826,337,188,0.558,mixed
22973,158762,24,447,18.625,bad
22974,158696,190,79,0.416,mixed
22975,158105,36,103,2.861,bad
22976,157855,15,66,4.400,bad
22977,158158,40,94,2.350,bad
22978,158337,39,98,2.513,bad
22979,158364,46,79,1.717,bad
22980,158296,29,77,2.655,bad
22981,158197,28,97,3.464,bad
22982,158281,34,108,3.176,bad
22983,158062,35,76,2.171,bad
22984,158057,28,78,2.786,bad
22985,158212,27,96,3.556,bad
22986,158098,21,176,8.381,bad
22987,158158,39,105,2.692,bad
22988,158101,35,103,2.943,bad
22990,157334,125,354,2.832,bad
22991,158437,0,0,inf,unknown
22994,158046,6,539,89.833,bad
22996,158208,37,80,2.162,bad
22997,158168,17,91,5.353,bad
22998,158204,7,516,73.714,bad
22999,158387,40,93,2.325,bad
23000,158239,13,524,40.308,bad
23001,158607,64,101,1.578,bad
23002,158323,45,80,1.778,bad
23003,158490,47,91,1.936,bad
23004,158302,51,101,1.980,bad
23005,158693,70,103,1.471,bad
23006,158398,16,533,33.312,bad
23007,158526,46,99,2.152,bad
23008,158555,68,92,1.353,bad
23009,158596,71,84,1.183,bad
23010,158463,62,96,1.548,bad
23011,158601,66,110,1.667,bad
23012,158423,12,499,41.583,bad
23013,12,0,0,inf,unknown
23014,111638,0,0,inf,unknown
23015,2216,1,0,0.000,unknown
23016,49940,34,1,0.029,good
23017,157939,131,361,2.756,bad
23018,158962,0,0,inf,unknown
23019,158129,163,239,1.466,bad
23020,158099,145,200,1.379,bad
23021,158121,148,226,1.527,bad
23022,158077,144,198,1.375,bad
23023,158317,186,197,1.059,bad
23024,158292,374,194,0.519,mixed
23025,158497,245,236,0.963,bad
23026,158369,200,236,1.180,bad
23027,158489,258,220,0.853,bad
23030,158667,1162,76,0.065,good
23031,158498,231,245,1.061,bad
23032,158472,335,203,0.606,bad
23033,158478,223,200,0.897,bad
23034,158512,237,202,0.852,bad
23035,158549,249,208,0.835,bad
23036,158707,296,194,0.655,bad
23037,162349,832,95,0.114,good
23038,157889,102,212,2.078,bad
23039,157992,82,478,5.829,bad
23040,158127,38,2178,57.316,bad
23041,158938,0,0,inf,unknown
23042,157953,90,224,2.489,bad
23043,157867,72,223,3.097,bad
23044,157950,101,244,2.416,bad
23045,158232,143,235,1.643,bad
23046,158233,140,232,1.657,bad
23047,157352,0,220,inf,bad
23048,157869,14,1400,100.000,bad
23049,157875,61,212,3.475,bad
23050,158046,95,240,2.526,bad
23051,157142,1,127,127.000,bad
23052,62,0,0,inf,unknown
23053,157325,3,348,116.000,bad
23054,71749,18,594,33.000,bad
23055,158202,88,984,11.182,bad
23056,158762,313,175,0.559,mixed
23057,158892,1249,83,0.066,good
23058,158806,1176,108,0.092,good
23059,158815,1188,94,0.079,good
23060,158813,525,167,0.318,mixed
23061,158873,970,108,0.111,good
23062,158844,371,197,0.531,mixed
23063,158920,401,207,0.516,mixed
23064,136250,1697,112,0.066,good
23065,96162,0,0,inf,unknown
23066,159208,1192,60,0.050,good
23067,159099,1205,80,0.066,good
23068,159014,1209,81,0.067,good
23069,158916,1148,77,0.067,good
23070,158452,45,1255,27.889,bad
23071,158845,312,210,0.673,bad
23072,158029,76,214,2.816,bad
23073,158222,110,214,1.945,bad
23074,158485,181,217,1.199,bad
23076,158627,236,204,0.864,bad
23077,158672,251,207,0.825,bad
23078,158016,56,523,9.339,bad
23079,158222,140,214,1.529,bad
23080,158368,190,228,1.200,bad
23081,158604,1227,82,0.067,good
23082,158748,1239,77,0.062,good
23083,159005,1234,96,0.078,good
23084,159016,2058,137,0.067,good
23085,1522,0,0,inf,unknown
23087,148964,0,0,inf,unknown
23089,158263,126,214,1.698,bad
23090,158479,177,218,1.232,bad
23091,158553,213,200,0.939,bad
23092,158702,265,214,0.808,bad
23093,158706,1154,98,0.085,good
23094,158773,987,101,0.102,good
23095,159009,1188,75,0.063,good
23096,158204,107,271,2.533,bad
23097,158233,99,198,2.000,bad
23098,157589,4,692,173.000,bad
23099,157759,11,1185,107.727,bad
23100,157736,11,1176,106.909,bad
23101,157769,25,493,19.720,bad
23102,158043,124,369,2.976,bad
23103,158880,0,0,inf,unknown
23104,157902,84,225,2.679,bad
23105,162636,837,83,0.099,good
23106,162710,825,79,0.096,good
23107,162670,816,73,0.089,good
23108,162659,845,79,0.093,good
23109,162730,839,74,0.088,good
23110,160784,83,219,2.639,bad
23111,158021,82,199,2.427,bad
23113,92393,36,143,3.972,bad
23116,157776,169,380,2.249,bad
23117,157632,37,2239,60.514,bad
23119,157603,130,362,2.785,bad
23120,157738,170,428,2.518,bad
23122,157750,177,384,2.169,bad
23125,23142,0,0,inf,unknown
23126,20849,0,0,inf,unknown
23127,21912,0,0,inf,unknown
23128,158074,100,267,2.670,bad
23129,158302,120,242,2.017,bad
23131,34229,0,0,inf,unknown
23133,159257,1020,89,0.087,good
23135,159521,1161,65,0.056,good
23136,158672,242,195,0.806,bad
23137,158626,278,366,1.317,bad
23138,159564,0,0,inf,unknown
23139,158527,177,271,1.531,bad
23140,158590,198,252,1.273,bad
23141,158834,1220,87,0.071,good
23142,158854,1232,62,0.050,good
23143,158898,639,167,0.261,good
23144,158863,1206,87,0.072,good
23145,158928,1192,86,0.072,good
23146,159016,1221,94,0.077,good
23147,158980,1210,93,0.077,good
23148,158965,1156,86,0.074,good
23149,158969,1228,81,0.066,good
23150,159035,1211,84,0.069,good
23151,158933,1239,89,0.072,good
23152,158362,31,1320,42.581,bad
23153,158427,139,219,1.576,bad
23154,158313,91,209,2.297,bad
23155,158441,138,237,1.717,bad
23156,158629,190,232,1.221,bad
23157,158420,128,231,1.805,bad
23158,158500,164,225,1.372,bad
23159,158491,144,213,1.479,bad
23160,158549,182,231,1.269,bad
23161,158749,264,227,0.860,bad
23162,150872,353,380,1.076,bad
23163,101585,0,0,inf,unknown
23164,158757,267,223,0.835,bad
23166,158768,259,209,0.807,bad
23167,158681,224,214,0.955,bad
23168,158724,247,210,0.850,bad
23169,158791,282,235,0.833,bad
23170,158931,1291,80,0.062,good
23171,158686,231,236,1.022,bad
23172,158704,205,201,0.980,bad
23173,158914,99,1028,10.384,bad
23174,159061,1337,76,0.057,good
23175,158397,109,245,2.248,bad
23176,158515,153,219,1.431,bad
23177,158533,143,243,1.699,bad
23178,158674,211,239,1.133,bad
23179,158756,199,240,1.206,bad
23180,158508,161,273,1.696,bad
23181,158657,185,219,1.184,bad
23182,158849,276,235,0.851,bad
23183,158749,49,1213,24.755,bad
23184,158893,1200,80,0.067,good
23185,158701,209,233,1.115,bad
23186,158680,185,223,1.205,bad
23187,158939,335,203,0.606,bad
23188,158746,205,229,1.117,bad
23189,158671,180,259,1.439,bad
23190,158986,333,220,0.661,bad
23191,159088,477,359,0.753,bad
23192,159879,0,0,inf,unknown
23193,158761,791,146,0.185,good
23194,158740,232,243,1.047,bad
23195,158842,269,237,0.881,bad
23196,159018,1257,92,0.073,good
23197,159038,1281,83,0.065,good
23198,159007,814,159,0.195,good
23199,159079,1190,95,0.080,good
23200,158455,124,263,2.121,bad
23201,158403,88,235,2.670,bad
23202,123374,59,176,2.983,bad
23203,158332,96,232,2.417,bad
23204,158463,125,227,1.816,bad
23205,158439,93,230,2.473,bad
23206,157692,103,333,3.233,bad
23207,157935,7,664,94.857,bad
23208,158119,9,1190,132.222,bad
23209,158244,20,1333,66.650,bad
23210,158348,83,234,2.819,bad
23211,158436,123,252,2.049,bad
23212,158539,122,216,1.770,bad
23213,157869,140,418,2.986,bad
23214,105187,0,0,inf,unknown
23216,158442,109,224,2.055,bad
23217,158522,29,1398,48.207,bad
23218,158425,108,234,2.167,bad
23219,158368,111,261,2.351,bad
23220,158540,119,204,1.714,bad
23221,158572,153,254,1.660,bad
23222,158526,118,234,1.983,bad
23223,158559,139,228,1.640,bad
23224,158547,145,218,1.503,bad
23225,158456,100,223,2.230,bad
23227,92732,79,3,0.038,good
23228,159101,835,407,0.487,mixed
23229,159388,900,110,0.122,good
23230,159457,1250,81,0.065,good
23231,159153,1265,77,0.061,good
23232,159256,1251,85,0.068,good
23233,159232,1239,82,0.066,good
23234,159248,2048,149,0.073,good
23235,152036,0,0,inf,unknown
23236,159199,1252,86,0.069,good
23237,159309,1069,110,0.103,good
23238,159108,1315,97,0.074,good
23239,159397,1235,86,0.070,good
23240,159166,1276,89,0.070,good
23241,159294,1219,75,0.062,good
23242,159167,1243,74,0.060,good
23243,159316,1253,65,0.052,good
23244,159342,1209,78,0.065,good
23245,159295,359,216,0.602,bad
23246,159210,1216,85,0.070,good
23247,159312,1164,72,0.062,good
23249,111793,0,0,inf,unknown
23250,90862,0,0,inf,unknown
23251,44124,0,0,inf,unknown
23252,168828,0,0,inf,unknown
23253,20870,0,0,inf,unknown
23255,158993,652,166,0.255,good
23256,159186,1298,74,0.057,good
23257,159531,1245,73,0.059,good
23258,159622,1228,93,0.076,good
23259,157825,0,221,inf,bad
23261,157818,2,343,171.500,bad
23262,158074,8,995,124.375,bad
23263,158269,18,1383,76.833,bad
23264,158244,8,1295,161.875,bad
23265,158285,77,206,2.675,bad
23266,29511,22,44,2.000,bad
23267,152947,14,1811,129.357,bad
23268,135825,0,0,inf,unknown
23269,158170,19,1277,67.211,bad
23270,158336,17,1430,84.118,bad
23271,159061,314,198,0.631,bad
23272,159122,1307,80,0.061,good
23273,159211,1325,80,0.060,good
23274,159091,1349,97,0.072,good
23275,159180,1220,93,0.076,good
23276,158162,17,1232,72.471,bad
23277,158947,127,748,5.890,bad
23278,158953,936,135,0.144,good
23279,159031,1329,87,0.065,good
23280,159047,250,230,0.920,bad
23281,159271,1146,116,0.101,good
23282,159379,2197,145,0.066,good
23283,160093,0,0,inf,unknown
23284,159164,1284,80,0.062,good
23285,159287,1212,85,0.070,good
23286,159208,1241,88,0.071,good
23287,159424,0,0,inf,unknown
23288,159219,1267,89,0.070,good
23289,159267,628,163,0.260,good
23290,159348,1202,79,0.066,good
23291,159457,1254,90,0.072,good
23292,159337,1352,57,0.042,good
23293,159210,1194,106,0.089,good
23294,159277,924,150,0.162,good
23295,159302,1254,88,0.070,good
23296,159498,1287,81,0.063,good
23297,159520,1221,84,0.069,good
23298,159662,1282,78,0.061,good
23299,159657,1230,84,0.068,good
23300,159677,1302,96,0.074,good
23301,159401,983,107,0.109,good
23302,159516,1080,96,0.089,good
23303,158958,182,223,1.225,bad
23304,159015,234,227,0.970,bad
23305,159048,231,238,1.030,bad
23306,159084,550,189,0.344,mixed
23307,126,0,0,inf,unknown
23308,158526,20,1335,66.750,bad
23309,159559,1220,99,0.081,good
23310,153320,1986,135,0.068,good
23311,100731,0,0,inf,unknown
23312,159608,1235,76,0.062,good
23313,159714,1255,78,0.062,good
23314,159833,1256,66,0.053,good
23315,159779,1181,67,0.057,good
23317,159916,1252,71,0.057,good
23318,159896,1240,64,0.052,good
23319,159907,1249,86,0.069,good
23320,159965,1170,72,0.062,good
23321,159238,609,194,0.319,mixed
23322,159060,199,239,1.201,bad
23323,158926,161,222,1.379,bad
23324,159130,1355,94,0.069,good
23325,158913,174,239,1.374,bad
23326,159368,1331,75,0.056,good
23327,159230,1305,105,0.080,good
23328,159242,1301,93,0.071,good
23329,159151,225,221,0.982,bad
23330,159229,1345,78,0.058,good
23331,159212,1275,96,0.075,good
23332,159343,430,193,0.449,mixed
23333,159375,1328,95,0.072,good
23334,159433,1191,89,0.075,good
23335,159440,1262,91,0.072,good
23336,159490,2053,134,0.065,good
23337,160448,0,0,inf,unknown
23338,159335,1260,89,0.071,good
23339,159458,1263,90,0.071,good
23340,159450,1277,80,0.063,good
23341,159401,1271,98,0.077,good
23342,159630,1225,72,0.059,good
23343,159545,1275,97,0.076,good
23344,159509,1248,81,0.065,good
23345,159640,1253,79,0.063,good
23346,159481,1245,78,0.063,good
23348,159565,1231,85,0.069,good
23349,159567,1239,75,0.061,good
23350,159568,1300,91,0.070,good
23351,159469,1275,83,0.065,good
23352,159357,315,221,0.702,bad
23353,159243,1061,105,0.099,good
23354,159101,223,338,1.516,bad
23355,159186,278,223,0.802,bad
23356,69992,64,123,1.922,bad
23357,158942,140,247,1.764,bad
23358,159082,211,255,1.209,bad
23359,159245,1306,108,0.083,good
23360,159521,1284,80,0.062,good
23361,155921,1211,287,0.237,good
23362,109266,0,0,inf,unknown
23363,159357,1325,88,0.066,good
23364,159325,272,226,0.831,bad
23365,159571,1273,93,0.073,good
23366,159579,1302,79,0.061,good
23367,159461,1207,80,0.066,good
23368,159687,1228,72,0.059,good
23369,159469,1372,95,0.069,good
23370,159387,1273,94,0.074,good
23371,159429,1322,93,0.070,good
23372,159707,1263,69,0.055,good
23373,159293,161,1053,6.540,bad
23374,159310,1228,96,0.078,good
23375,159493,1282,73,0.057,good
23376,159393,1238,87,0.070,good
23378,159469,1323,88,0.067,good
23381,158880,84,393,4.679,bad
23382,159191,212,212,1.000,bad
23383,159252,235,226,0.962,bad
23385,159445,1240,71,0.057,good
23386,159317,277,245,0.884,bad
23387,159466,1374,70,0.051,good
23388,159629,2107,126,0.060,good
23389,160375,0,0,inf,unknown
23390,159503,1372,87,0.063,good
23392,159433,1250,71,0.057,good
23393,159518,1250,81,0.065,good
23396,159399,517,194,0.375,mixed
23397,159529,1286,78,0.061,good
23398,159579,1268,78,0.062,good
23399,159577,1286,101,0.079,good
23400,159548,1257,78,0.062,good
23401,159528,1286,108,0.084,good
23402,159465,1348,78,0.058,good
23403,163972,519,69,0.133,good
23404,102869,71,1,0.014,good
23405,98149,73,3,0.041,good
23406,119418,87,6,0.069,good
23407,99610,73,2,0.027,good
23408,55061,29,6,0.207,good
23409,57093,19,3,0.158,unknown
23410,64501,38,0,0.000,good
23411,62614,22,5,0.227,unknown
23412,21403,11,1,0.091,unknown
23413,163895,488,45,0.092,good
23414,91879,73,2,0.027,good
23415,149866,91,6,0.066,good
23416,92876,0,0,inf,unknown
23417,160883,0,0,inf,unknown
23418,126860,450,36,0.080,good
23419,159467,0,4,inf,unknown
23420,159509,0,1,inf,unknown
23421,159550,0,3,inf,unknown
23422,159666,0,2,inf,unknown
23423,159778,0,4,inf,unknown
23424,159906,0,10,inf,unknown
23425,162898,654,39,0.060,good
23431,90057,0,0,inf,unknown
23432,162458,606,39,0.064,good
23433,158608,0,3,inf,unknown
23434,158772,0,5,inf,unknown
23435,158682,0,2,inf,unknown
23436,158706,0,4,inf,unknown
23437,158746,0,2,inf,unknown
23438,158847,0,3,inf,unknown
23439,162320,653,46,0.070,good
23440,162357,605,30,0.050,good
23441,162295,603,45,0.075,good
23442,162069,635,35,0.055,good
23443,162178,584,44,0.075,good
23444,162205,639,37,0.058,good
23445,162485,625,46,0.074,good
23446,162011,648,33,0.051,good
23447,168022,117,10,0.085,good
23448,164141,462,55,0.119,good
23449,164711,430,45,0.105,good
23462,42453,0,0,inf,unknown
23463,167417,191,13,0.068,good
23464,167434,186,15,0.081,good
23465,167410,173,16,0.092,good
23466,167502,185,19,0.103,good
23467,167503,159,19,0.119,good
23468,163536,135,9,0.067,good
23469,167682,112,10,0.089,good
23470,167731,124,9,0.073,good
23471,156467,17,1786,105.059,bad
23472,156108,6,1047,174.500,bad
23473,156338,14,1522,108.714,bad
23474,156160,3,734,244.667,bad
23475,156406,26,1569,60.346,bad
23476,156435,19,1569,82.579,bad
23477,156472,18,1715,95.278,bad
23478,156449,15,1582,105.467,bad
23479,156428,14,1564,111.714,bad
23480,156570,21,1766,84.095,bad
23481,156602,18,1759,97.722,bad
23482,156617,21,1833,87.286,bad
23483,156698,25,1821,72.840,bad
23484,156445,21,2029,96.619,bad
23485,120420,0,0,inf,unknown
23486,156522,19,1630,85.789,bad
23487,156608,31,1867,60.226,bad
23488,156601,14,1815,129.643,bad
23489,156681,15,1969,131.267,bad
23490,156511,19,1844,97.053,bad
23491,156518,30,1689,56.300,bad
23492,157191,46,1703,37.022,bad
23493,156948,37,1857,50.189,bad
23494,157089,249,357,1.434,bad
23495,157388,377,323,0.857,bad
23496,157368,1693,133,0.079,good
23497,157366,1779,111,0.062,good
23498,157509,1659,119,0.072,good
23499,157565,1763,129,0.073,good
23500,157600,1749,135,0.077,good
23501,157607,1682,112,0.067,good
23502,157545,68,1587,23.338,bad
23503,157648,427,283,0.663,bad
23504,157786,1680,120,0.071,good
23505,157743,1657,145,0.088,good
23506,139468,1484,104,0.070,good
23507,157740,418,282,0.675,bad
23508,157839,1696,138,0.081,good
23509,157953,2019,128,0.063,good
23510,159018,0,0,inf,unknown
23511,157814,1756,115,0.065,good
23512,157804,1747,130,0.074,good
23513,157787,439,330,0.752,bad
23514,157903,1668,119,0.071,good
23515,156844,130,324,2.492,bad
23516,156824,121,340,2.810,bad
23517,156815,24,1842,76.750,bad
23518,156822,115,338,2.939,bad
23519,156776,23,1801,78.304,bad
23520,157448,1784,135,0.076,good
23521,157419,310,365,1.177,bad
23522,157481,340,330,0.971,bad
23523,157624,1718,137,0.080,good
23524,144451,318,317,0.997,bad
23525,157390,261,339,1.299,bad
23526,157455,292,342,1.171,bad
23527,157455,1667,143,0.086,good
23528,157588,351,330,0.940,bad
23529,157682,1691,111,0.066,good
23530,157705,1747,97,0.056,good
23531,157809,1685,102,0.061,good
23533,157020,18,1855,103.056,bad
23534,157197,167,337,2.018,bad
23535,157280,304,399,1.312,bad
23536,107869,0,0,inf,unknown
23537,157486,289,355,1.228,bad
23538,157472,312,339,1.087,bad
23539,157612,1782,120,0.067,good
23541,157682,396,316,0.798,bad
23542,156934,131,336,2.565,bad
23543,156882,123,325,2.642,bad
23544,156796,23,1829,79.522,bad
23545,156909,34,1883,55.382,bad
23546,156899,128,339,2.648,bad
23547,157653,765,894,1.169,bad
23548,157921,1745,114,0.065,good
23549,157742,1686,115,0.068,good
23550,157866,1700,120,0.071,good
23551,157628,79,1605,20.316,bad
23552,157598,359,331,0.922,bad
23553,157729,1421,179,0.126,good
23554,157503,476,299,0.628,bad
23555,157743,417,311,0.746,bad
23556,157871,1710,117,0.068,good
23557,158066,1754,111,0.063,good
23558,158190,1628,109,0.067,good
23559,158336,1907,142,0.074,good
23560,159245,0,0,inf,unknown
23561,157475,250,324,1.296,bad
23562,79,0,0,inf,unknown
23563,157457,292,363,1.243,bad
23564,157763,1697,149,0.088,good
23565,157879,1747,118,0.068,good
23566,158054,1642,116,0.071,good
23567,157879,1712,91,0.053,good
23568,0,0,0,inf,unknown
23574,33610,0,0,inf,unknown
23575,158133,214,429,2.005,bad
23576,67984,0,0,inf,unknown
23577,158497,339,368,1.086,bad
23579,158542,1292,212,0.164,good
23580,158950,473,312,0.660,bad
23581,159114,1720,125,0.073,good
23583,159256,1783,100,0.056,good
23584,159263,1739,130,0.075,good
23585,17816,0,0,inf,unknown
23586,158164,17,1825,107.353,bad
23587,158699,1366,182,0.133,good
23588,158720,1822,130,0.071,good
23590,59263,0,0,inf,unknown
23592,159265,493,369,0.748,bad
23593,158990,405,238,0.588,mixed
23597,158219,39,1827,46.846,bad
23598,158641,45,1863,41.400,bad
23600,158718,1787,127,0.071,good
23601,158926,1760,111,0.063,good
23602,159110,1751,109,0.062,good
23603,158926,1775,134,0.075,good
23604,159129,1698,127,0.075,good
23605,158154,19,1823,95.947,bad
23606,158724,357,314,0.880,bad
23607,158891,1739,124,0.071,good
23608,158959,1704,111,0.065,good
23609,158852,1721,123,0.071,good
23610,158848,910,229,0.252,good
23611,159057,1729,125,0.072,good
23612,158913,1986,109,0.055,good
23613,102991,0,0,inf,unknown
23614,159202,1769,107,0.060,good
23615,159024,1782,108,0.061,good
23616,159255,1725,124,0.072,good
23617,159282,1801,119,0.066,good
23618,159367,1730,101,0.058,good
23619,159226,1698,126,0.074,good
23620,159157,1764,114,0.065,good
23621,159163,1785,120,0.067,good
23622,159319,1709,128,0.075,good
23623,159163,1788,117,0.065,good
23624,159293,1757,93,0.053,good
23625,158602,339,283,0.835,bad
23626,158588,225,344,1.529,bad
23627,158722,269,398,1.480,bad
23628,158625,189,352,1.862,bad
23629,158621,204,339,1.662,bad
23630,158788,320,332,1.038,bad
23631,158823,314,332,1.057,bad
23632,158879,335,346,1.033,bad
23633,158882,371,310,0.836,bad
23634,158927,1827,126,0.069,good
23635,158870,1806,161,0.089,good
23636,158685,337,334,0.991,bad
23637,159082,2174,137,0.063,good
23638,160086,0,0,inf,unknown
23639,158801,1712,124,0.072,good
23640,158932,1760,115,0.065,good
23641,158745,306,351,1.147,bad
23642,158954,376,335,0.891,bad
23643,158934,1838,124,0.067,good
23644,159024,1843,126,0.068,good
23645,158649,247,343,1.389,bad
23646,158864,325,345,1.062,bad
23647,158723,1022,215,0.210,good
23648,158463,199,350,1.759,bad
23649,50,0,0,inf,unknown
23650,158468,36,1952,54.222,bad
23651,157861,4,783,195.750,bad
23652,158147,17,1748,102.824,bad
23653,158210,25,1925,77.000,bad
23654,158352,18,1995,110.833,bad
23655,158329,134,339,2.530,bad
23656,158356,146,347,2.377,bad
23657,158397,176,357,2.028,bad
23658,158380,157,336,2.140,bad
23659,158412,170,313,1.841,bad
23660,158239,15,1900,126.667,bad
23661,158229,200,400,2.000,bad
23662,106984,0,0,inf,unknown
23663,158337,167,373,2.234,bad
23664,158334,168,346,2.060,bad
23665,158287,142,372,2.620,bad
23666,158323,143,358,2.503,bad
23667,158379,188,346,1.840,bad
23668,158400,144,379,2.632,bad
23669,158468,191,352,1.843,bad
23670,158478,212,346,1.632,bad
23671,158526,207,355,1.715,bad
23672,158497,264,382,1.447,bad
23673,158353,136,311,2.287,bad
23674,158324,27,1995,73.889,bad
23675,158327,153,375,2.451,bad
23676,158202,21,1954,93.048,bad
23677,158143,24,1744,72.667,bad
23678,158255,25,1919,76.760,bad
23679,158223,40,1746,43.650,bad
23680,158267,127,324,2.551,bad
23681,158208,20,1856,92.800,bad
23682,158280,62,1214,19.581,bad
23683,158431,195,366,1.877,bad
23684,158470,184,428,2.326,bad
23685,158730,213,397,1.864,bad
23686,159654,0,0,inf,unknown
23687,158444,189,353,1.868,bad
23688,158425,136,699,5.140,bad
23689,158367,28,1971,70.393,bad
23690,158426,190,360,1.895,bad
23691,158497,211,390,1.848,bad
23692,158442,225,391,1.738,bad
23693,158518,197,393,1.995,bad
23694,158433,162,360,2.222,bad
23695,158469,235,334,1.421,bad
23696,158416,201,353,1.756,bad
23697,159206,721,275,0.381,mixed
23698,159263,1850,95,0.051,good
23699,159128,1727,130,0.075,good
23700,159291,1752,129,0.074,good
23701,159423,1721,127,0.074,good
23702,159370,1829,130,0.071,good
23703,161590,579,313,0.541,mixed
23704,159131,1751,122,0.070,good
23705,159268,1794,118,0.066,good
23706,159432,1784,123,0.069,good
23707,159369,1768,110,0.062,good
23708,159435,1717,110,0.064,good
23709,159270,1889,137,0.073,good
23710,103341,0,0,inf,unknown
23711,159392,1692,81,0.048,good
23712,159359,1742,129,0.074,good
23713,158616,171,351,2.053,bad
23714,158570,174,339,1.948,bad
23715,158521,161,327,2.031,bad
23716,158803,1544,156,0.101,good
23717,160061,750,277,0.369,mixed
23724,45777,0,0,inf,unknown
23726,164531,604,73,0.121,good
23727,163784,704,93,0.132,good
23728,163866,738,84,0.114,good
23729,163563,755,110,0.146,good
23730,163630,759,100,0.132,good
23731,163660,822,92,0.112,good
23732,163676,741,87,0.117,good
23733,163616,742,91,0.123,good
23734,163837,717,95,0.132,good
23736,163742,739,76,0.103,good
23738,164012,522,57,0.109,good
23740,164081,524,59,0.113,good
23742,164130,505,67,0.133,good
23743,164010,489,53,0.108,good
23744,164065,506,44,0.087,good
23745,164123,469,58,0.124,good
23746,164135,503,56,0.111,good
23747,164198,479,56,0.117,good
23750,164156,467,62,0.133,good
23756,161843,0,0,inf,unknown
23757,158708,0,2,inf,unknown
23758,159167,0,7,inf,unknown
23759,160463,0,152,inf,bad
23760,132233,10,57,5.700,bad
23761,159911,12,75,6.250,bad
23762,160003,0,14,inf,unknown
23763,159864,6,77,12.833,bad
23764,159825,9,67,7.444,bad
23766,159542,45,179,3.978,bad
23767,160641,0,0,inf,unknown
23768,160095,28,104,3.714,bad
23769,159941,68,187,2.750,bad
23770,160029,68,215,3.162,bad
23771,159937,60,205,3.417,bad
23772,159883,52,171,3.288,bad
23773,159873,1116,101,0.091,good
23774,159909,542,135,0.249,good
23775,159967,3,339,113.000,bad
23776,159845,49,184,3.755,bad
23777,159869,40,178,4.450,bad
23778,159867,49,193,3.939,bad
23779,160033,5,702,140.400,bad
23780,159988,9,1162,129.111,bad
23781,160850,0,0,inf,unknown
23782,159881,1095,94,0.086,good
23783,160216,116,205,1.767,bad
23784,160079,559,115,0.206,good
23785,159841,78,170,2.179,bad
23786,159308,3,56,18.667,bad
23787,159982,919,225,0.245,good
23788,160074,72,231,3.208,bad
23789,126382,819,71,0.087,good
23790,160029,1051,85,0.081,good
23791,160099,1087,89,0.082,good
23792,160110,1117,96,0.086,good
23793,160158,85,192,2.259,bad
23794,160084,1052,90,0.086,good
23795,160292,10,1074,107.400,bad
23797,8718,1,0,0.000,unknown
23798,152493,0,0,inf,unknown
23799,18772,0,0,inf,unknown
23801,119317,0,0,inf,unknown
23802,132366,0,0,inf,unknown
23803,119725,0,0,inf,unknown
23804,118240,0,0,inf,unknown
23805,108001,0,0,inf,unknown
23806,104326,0,0,inf,unknown
23807,420,0,0,inf,unknown
23808,108098,0,0,inf,unknown
23809,116110,0,0,inf,unknown
23810,109894,0,0,inf,unknown
23811,123684,0,0,inf,unknown
23812,109514,0,0,inf,unknown
23813,113424,0,0,inf,unknown
23814,111691,0,0,inf,unknown
23815,122996,0,0,inf,unknown
23816,112583,0,0,inf,unknown
23817,111701,0,0,inf,unknown
23818,115834,0,0,inf,unknown
23819,107160,0,0,inf,unknown
23820,106828,0,0,inf,unknown
23821,112072,1,0,0.000,unknown
