period,plane,paddle,cat,entries,ok,g0,g,d,chi2ndf,npts,MeV_per_unit,adc_pt,mip_adc,mip_MeV,dee_g,dee_chi2ndf,dee_npts,g_final,method,MeV_per_unit_final
p0_lt22375,000,1,,732,0,,,,,,,,,,,,,,,
p0_lt22375,000,2,trk,2157,0,0.1372456578470221,,,,,,,,,,,,,,
p0_lt22375,000,3,trk,6362,0,0.19428622475954252,,,,,,,,,,,,,,
p0_lt22375,000,4,trk,11376,0,0.17054470330777668,,,,,,,,,,,,,,
p0_lt22375,000,5,trk,12198,0,0.1632940315129056,,,,,,,,,,,,,,
p0_lt22375,000,6,trk,13074,0,0.19428622475954252,,,,,,,,,,,,,,
p0_lt22375,000,7,trk,16747,0,0.18602618722877415,,,,,,,,,,,,,,
p0_lt22375,000,8,trk,21212,0,0.2633403940791744,,,,,,,,,,,,,,
p0_lt22375,000,9,trk,20686,0,0.19428622475954252,,,,,,,,,,,,,,
p0_lt22375,000,10,trk,29856,0,0.1632940315129056,,,,,,,,,,,,,,
p0_lt22375,000,11,trk,12348,0,0.20291302903979977,,,,,,,,,,,,,,
p0_lt22375,001,1,pair,3295,0,0.22133280248049922,,,,,,,,,,,,,,
p0_lt22375,001,2,pair,9025,0,0.143339715364619,,,,,,,,,,,,,,
p0_lt22375,001,3,pair,12575,0,0.1258237904377183,,,,,,,,,,,,,,
p0_lt22375,001,4,pair,20993,0,0.1372456578470221,,,,,,,,,,,,,,
p0_lt22375,001,5,pair,18785,0,0.2521445332241218,,,,,,,,,,,,,,
p0_lt22375,001,6,pair,11820,0,0.1563516204875412,,,,,,,,,,,,,,
p0_lt22375,001,7,pair,18896,0,0.3272330074532865,,,,,,,,,,,,,,
p0_lt22375,001,8,pair,18197,0,0.17054470330777668,,,,,,,,,,,,,,
p0_lt22375,001,9,pair,22721,0,0.18602618722877415,,,,,,,,,,,,,,
p0_lt22375,001,10,pair,8340,0,0.18602618722877415,,,,,,,,,,,,,,
p0_lt22375,001,11,pair,19560,0,0.27503337973278175,,,,,,,,,,,,,,
p0_lt22375,100,1,trk,40053,0,0.1632940315129056,,,,,,,,,,,,,,
p0_lt22375,100,2,trk,35691,0,0.2311605438459164,,,,,,,,,,,,,,
p0_lt22375,100,3,trk,42741,0,0.21192288544936766,,,,,,,,,,,,,,
p0_lt22375,100,4,trk,51557,0,0.19428622475954252,,,,,,,,,,,,,,
p0_lt22375,100,5,trk,59480,0,0.1258237904377183,,,,,,,,,,,,,,
p0_lt22375,100,6,trk,72473,0,0.22133280248049922,,,,,,,,,,,,,,
p0_lt22375,100,7,trk,64948,0,0.17054470330777668,,,,,,,,,,,,,,
p0_lt22375,100,8,trk,63801,0,0.21192288544936766,,,,,,,,,,,,,,
p0_lt22375,100,9,trk,48608,0,0.143339715364619,,,,,,,,,,,,,,
p0_lt22375,100,10,trk,22010,0,0.1258237904377183,,,,,,,,,,,,,,
p0_lt22375,100,11,trk,42867,0,0.24142466201252666,,,,,,,,,,,,,,
p0_lt22375,101,1,pair,39761,0,0.27503337973278175,,,,,,,,,,,,,,
p0_lt22375,101,2,,73,0,,,,,,,,,,,,,,,
p0_lt22375,101,3,pair,35974,0,0.17811732343713288,,,,,,,,,,,,,,
p0_lt22375,101,4,pair,34061,0,0.18602618722877415,,,,,,,,,,,,,,
p0_lt22375,101,5,pair,29085,0,0.17054470330777668,,,,,,,,,,,,,,
p0_lt22375,101,6,pair,51903,0,0.18602618722877415,,,,,,,,,,,,,,
p0_lt22375,101,7,pair,49531,0,0.1632940315129056,,,,,,,,,,,,,,
p0_lt22375,101,8,pair,60635,0,0.21192288544936766,,,,,,,,,,,,,,
p0_lt22375,101,9,pair,29915,0,0.1632940315129056,,,,,,,,,,,,,,
p0_lt22375,101,10,,31,0,,,,,,,,,,,,,,,
p0_lt22375,101,11,pair,6329,0,0.1314106878888871,,,,,,,,,,,,,,
p0_lt22375,200,1,trk,36670,0,0.2311605438459164,,,,,,,,,,,,,,
p0_lt22375,200,2,trk,69932,0,0.24142466201252666,,,,,,,,,,,,,,
p0_lt22375,200,3,trk,72859,0,0.21192288544936766,,,,,,,,,,,,,,
p0_lt22375,200,4,trk,74400,0,0.22133280248049922,,,,,,,,,,,,,,
p0_lt22375,200,5,trk,53732,0,0.1632940315129056,,,,,,,,,,,,,,
p0_lt22375,200,6,trk,68483,0,0.18602618722877415,,,,,,,,,,,,,,
p0_lt22375,200,7,trk,99613,0,0.22133280248049922,,,,,,,,,,,,,,
p0_lt22375,200,8,trk,64222,0,0.1314106878888871,,,,,,,,,,,,,,
p0_lt22375,200,9,trk,81634,0,0.19428622475954252,,,,,,,,,,,,,,
p0_lt22375,200,10,trk,43209,0,0.18602618722877415,,,,,,,,,,,,,,
p0_lt22375,200,11,trk,35404,0,0.22133280248049922,,,,,,,,,,,,,,
p1_22375,000,1,,387,0,,,,,,,,,,,,,,,
p1_22375,000,2,,1458,0,,,,,,,,,,,,,,,
p1_22375,000,3,trk,3900,0,0.1632940315129056,,,,,,,,,,,,,,
p1_22375,000,4,trk,7739,0,0.24142466201252666,,,,,,,,,,,,,,
p1_22375,000,5,trk,8125,0,0.21192288544936766,,,,,,,,,,,,,,
p1_22375,000,6,trk,6678,0,0.1632940315129056,,,,,,,,,,,,,,
p1_22375,000,7,trk,10779,0,0.1632940315129056,,,,,,,,,,,,,,
p1_22375,000,8,trk,14231,0,0.18602618722877415,,,,,,,,,,,,,,
p1_22375,000,9,trk,12951,0,0.1632940315129056,,,,,,,,,,,,,,
p1_22375,000,10,trk,18595,0,0.19428622475954252,,,,,,,,,,,,,,
p1_22375,000,11,trk,7800,0,0.21192288544936766,,,,,,,,,,,,,,
p1_22375,001,1,,1524,0,,,,,,,,,,,,,,,
p1_22375,001,2,pair,4028,0,0.12047441874363456,,,,,,,,,,,,,,
p1_22375,001,3,pair,4379,0,0.35693813722307566,,,,,,,,,,,,,,
p1_22375,001,4,pair,7625,0,0.1632940315129056,,,,,,,,,,,,,,
p1_22375,001,5,pair,5615,0,0.10575260302802737,,,,,,,,,,,,,,
p1_22375,001,6,,1989,0,,,,,,,,,,,,,,,
p1_22375,001,7,pair,5632,0,0.21192288544936766,,,,,,,,,,,,,,
p1_22375,001,8,pair,6473,0,0.2311605438459164,,,,,,,,,,,,,,
p1_22375,001,9,pair,7656,0,0.143339715364619,,,,,,,,,,,,,,
p1_22375,001,10,pair,6161,0,0.14970436459061937,,,,,,,,,,,,,,
p1_22375,001,11,pair,7432,0,0.21192288544936766,,,,,,,,,,,,,,
p1_22375,100,1,trk,27811,0,0.1563516204875412,,,,,,,,,,,,,,
p1_22375,100,2,trk,21073,0,0.11044828852801403,,,,,,,,,,,,,,
p1_22375,100,3,trk,29622,0,0.22133280248049922,,,,,,,,,,,,,,
p1_22375,100,4,trk,32097,0,0.14970436459061937,,,,,,,,,,,,,,
p1_22375,100,5,trk,34547,0,0.1372456578470221,,,,,,,,,,,,,,
p1_22375,100,6,trk,49869,0,0.2521445332241218,,,,,,,,,,,,,,
p1_22375,100,7,trk,43944,0,0.1314106878888871,,,,,,,,,,,,,,
p1_22375,100,8,trk,43908,0,0.1258237904377183,,,,,,,,,,,,,,
p1_22375,100,9,trk,32297,0,0.11535247444958313,,,,,,,,,,,,,,
p1_22375,100,10,trk,15195,0,0.1314106878888871,,,,,,,,,,,,,,
p1_22375,100,11,trk,23363,0,0.28724556379487304,,,,,,,,,,,,,,
p1_22375,101,1,pair,20905,0,0.1372456578470221,,,,,,,,,,,,,,
p1_22375,101,2,,14,0,,,,,,,,,,,,,,,
p1_22375,101,3,pair,12998,0,0.1314106878888871,,,,,,,,,,,,,,
p1_22375,101,4,pair,12306,0,0.17054470330777668,,,,,,,,,,,,,,
p1_22375,101,5,pair,10249,0,0.21192288544936766,,,,,,,,,,,,,,
p1_22375,101,6,pair,23715,0,0.17811732343713288,,,,,,,,,,,,,,
p1_22375,101,7,pair,18372,0,0.24142466201252666,,,,,,,,,,,,,,
p1_22375,101,8,pair,22499,0,0.2311605438459164,,,,,,,,,,,,,,
p1_22375,101,9,pair,11552,0,0.2633403940791744,,,,,,,,,,,,,,
p1_22375,101,10,,3,0,,,,,,,,,,,,,,,
p1_22375,101,11,,1129,0,,,,,,,,,,,,,,,
p1_22375,200,1,trk,24114,0,0.17054470330777668,,,,,,,,,,,,,,
p1_22375,200,2,trk,47611,0,0.2311605438459164,,,,,,,,,,,,,,
p1_22375,200,3,trk,49385,0,0.17811732343713288,,,,,,,,,,,,,,
p1_22375,200,4,trk,51881,0,0.18602618722877415,,,,,,,,,,,,,,
p1_22375,200,5,trk,35256,0,0.143339715364619,,,,,,,,,,,,,,
p1_22375,200,6,trk,52381,0,0.14970436459061937,,,,,,,,,,,,,,
p1_22375,200,7,trk,72912,0,0.22133280248049922,,,,,,,,,,,,,,
p1_22375,200,8,trk,42969,0,0.143339715364619,,,,,,,,,,,,,,
p1_22375,200,9,trk,61475,0,0.1632940315129056,,,,,,,,,,,,,,
p1_22375,200,10,trk,29556,0,0.1372456578470221,,,,,,,,,,,,,,
p1_22375,200,11,trk,22865,0,0.20291302903979977,,,,,,,,,,,,,,
p3_22536,000,1,trk,2398,0,0.06848758000270003,,,,,,,,,,,,,,
p3_22536,000,2,trk,6705,0,0.17054470330777668,,,,,,,,,,,,,,
p3_22536,000,3,trk,16897,0,0.09282977385433078,,,,,,,,,,,,,,
p3_22536,000,4,trk,31529,0,0.5756256297143499,,,,,,,,,,,,,,
p3_22536,000,5,trk,35779,0,0.074704655924937,,,,,,,,,,,,,,
p3_22536,000,6,trk,45386,0,5.2772087467049476,,,,,,,,,,,,,,
p3_22536,000,7,trk,43771,0,0.04632340769984494,,,,,,,,,,,,,,
p3_22536,000,8,trk,59308,0,9.282977385433073,,,,,,,,,,,,,,
p3_22536,000,9,trk,52644,0,2.1192288544936755,,,,,,,,,,,,,,
p3_22536,000,10,trk,69078,0,0.057562562971435006,,,,,,,,,,,,,,
p3_22536,000,11,trk,33801,0,2.3116054384591633,,,,,,,,,,,,,,
p3_22536,001,1,pair,41912,0,0.5756256297143499,,,,,,,,,,,,,,
p3_22536,001,2,pair,81616,0,0.48380285238722,,,,,,,,,,,,,,
p3_22536,001,3,pair,125613,0,0.5277208746704949,,,,,,,,,,,,,,
p3_22536,001,4,pair,183464,0,0.40662748129224774,,,,,,,,,,,,,,
p3_22536,001,5,pair,203152,0,0.42468277934759735,,,,,,,,,,,,,,
p3_22536,001,6,pair,217871,0,0.40662748129224774,,,,,,,,,,,,,,
p3_22536,001,7,pair,167496,0,0.5052849339034997,,,,,,,,,,,,,,
p3_22536,001,8,pair,239582,0,0.42468277934759735,,,,,,,,,,,,,,
p3_22536,001,9,pair,206313,0,0.601184876914667,,,,,,,,,,,,,,
p3_22536,001,10,pair,194908,0,0.5277208746704949,,,,,,,,,,,,,,
p3_22536,001,11,pair,126918,0,0.5756256297143499,,,,,,,,,,,,,,
p3_22536,100,1,trk,84563,0,0.048380285238722,,,,,,,,,,,,,,
p3_22536,100,2,trk,87030,0,0.04066274812922478,,,,,,,,,,,,,,
p3_22536,100,3,trk,112836,0,0.03,,,,,,,,,,,,,,
p3_22536,100,4,trk,136305,0,12.04744187436345,,,,,,,,,,,,,,
p3_22536,100,5,trk,137017,0,4.632340769984492,,,,,,,,,,,,,,
p3_22536,100,6,trk,216364,0,0.07152860336420179,,,,,,,,,,,,,,
p3_22536,100,7,trk,185886,0,4.632340769984492,,,,,,,,,,,,,,
p3_22536,100,8,trk,182155,0,0.05052849339034998,,,,,,,,,,,,,,
p3_22536,100,9,trk,211800,0,0.04066274812922478,,,,,,,,,,,,,,
p3_22536,100,10,trk,64401,0,0.074704655924937,,,,,,,,,,,,,,
p3_22536,100,11,trk,147881,0,0.07802173332600343,,,,,,,,,,,,,,
p3_22536,101,1,pair,139003,0,0.6278790199287289,,,,,,,,,,,,,,
p3_22536,101,2,pair,7558,0,1.10448288528014,,,,,,,,,,,,,,
p3_22536,101,3,pair,219377,0,0.5052849339034997,,,,,,,,,,,,,,
p3_22536,101,4,pair,218883,0,0.48380285238722,,,,,,,,,,,,,,
p3_22536,101,5,pair,293859,0,0.5052849339034997,,,,,,,,,,,,,,
p3_22536,101,6,pair,241547,0,0.7802173332600341,,,,,,,,,,,,,,
p3_22536,101,7,pair,272369,0,0.5277208746704949,,,,,,,,,,,,,,
p3_22536,101,8,pair,329411,1,0.6848758000270001,0.6063167642982232,-0.0461370664579318,39.07568835381413,8,1.6493029038335143,48.699339369609504,7.5,12.369771778751357,,,,0.6063167642982232,tof,1.6493029038335143
p3_22536,101,9,pair,180201,0,0.5756256297143499,,,,,,,,,,,,,,
p3_22536,101,10,,184,0,,,,,,,,,,,,,,,
p3_22536,101,11,pair,179127,0,0.5052849339034997,,,,,,,,,,,,,,
p3_22536,200,1,trk,116276,0,0.0527720874670495,,,,,,,,,,,,,,
p3_22536,200,2,trk,144306,0,10.575260302802732,,,,,,,,,,,,,,
p3_22536,200,3,trk,290551,0,0.06848758000270003,,,,,,,,,,,,,,
p3_22536,200,4,trk,240783,0,0.08888313575912608,,,,,,,,,,,,,,
p3_22536,200,5,trk,207363,0,0.3893398003942698,,,,,,,,,,,,,,
p3_22536,200,6,trk,289574,0,0.074704655924937,,,,,,,,,,,,,,
p3_22536,200,7,trk,174427,0,0.057562562971435006,,,,,,,,,,,,,,
p3_22536,200,8,trk,262516,0,0.35693813722307566,,,,,,,,,,,,,,
p3_22536,200,9,trk,376525,0,0.1563516204875412,,,,,,,,,,,,,,
p3_22536,200,10,trk,140108,0,0.48380285238722,,,,,,,,,,,,,,
p3_22536,200,11,trk,61116,0,0.27503337973278175,,,,,,,,,,,,,,
p4_22695,000,1,,102,0,,,,,,,,,,,,,,,
p4_22695,000,2,,282,0,,,,,,,,,,,,,,,
p4_22695,000,3,,547,0,,,,,,,,,,,,,,,
p4_22695,000,4,,1079,0,,,,,,,,,,,,,,,
p4_22695,000,5,,1152,0,,,,,,,,,,,,,,,
p4_22695,000,6,,1739,0,,,,,,,,,,,,,,,
p4_22695,000,7,,1575,0,,,,,,,,,,,,,,,
p4_22695,000,8,trk,2294,0,0.3893398003942698,,,,,,,,,,,,,,
p4_22695,000,9,,1954,0,,,,,,,,,,,,,,,
p4_22695,000,10,trk,2932,0,0.40662748129224774,,,,,,,,,,,,,,
p4_22695,000,11,,1610,0,,,,,,,,,,,,,,,
p4_22695,001,1,,1048,0,,,,,,,,,,,,,,,
p4_22695,001,2,,1608,0,,,,,,,,,,,,,,,
p4_22695,001,3,pair,2632,0,0.2633403940791744,,,,,,,,,,,,,,
p4_22695,001,4,pair,3651,0,0.1372456578470221,,,,,,,,,,,,,,
p4_22695,001,5,pair,4253,0,0.9282977385433075,,,,,,,,,,,,,,
p4_22695,001,6,pair,4436,0,0.8148609743026705,,,,,,,,,,,,,,
p4_22695,001,7,pair,3201,0,0.8510428814328804,,,,,,,,,,,,,,
p4_22695,001,8,pair,4390,0,0.7152860336420179,,,,,,,,,,,,,,
p4_22695,001,9,pair,3989,0,0.9282977385433075,,,,,,,,,,,,,,
p4_22695,001,10,pair,3597,0,0.9282977385433075,,,,,,,,,,,,,,
p4_22695,001,11,pair,2352,0,0.6278790199287289,,,,,,,,,,,,,,
p4_22695,100,1,trk,2292,0,0.35693813722307566,,,,,,,,,,,,,,
p4_22695,100,2,,824,0,,,,,,,,,,,,,,,
p4_22695,100,3,,3,0,,,,,,,,,,,,,,,
p4_22695,100,4,,1583,0,,,,,,,,,,,,,,,
p4_22695,100,5,trk,6420,0,0.09282977385433078,,,,,,,,,,,,,,
p4_22695,100,6,,257,0,,,,,,,,,,,,,,,
p4_22695,100,7,,3,0,,,,,,,,,,,,,,,
p4_22695,100,8,,239,0,,,,,,,,,,,,,,,
p4_22695,100,9,,5,0,,,,,,,,,,,,,,,
p4_22695,100,10,,986,0,,,,,,,,,,,,,,,
p4_22695,100,11,trk,7333,0,0.35693813722307566,,,,,,,,,,,,,,
p4_22695,101,1,,1352,0,,,,,,,,,,,,,,,
p4_22695,101,2,,30,0,,,,,,,,,,,,,,,
p4_22695,101,3,,0,0,,,,,,,,,,,,,,,
p4_22695,101,4,,842,0,,,,,,,,,,,,,,,
p4_22695,101,5,pair,5720,0,0.6278790199287289,,,,,,,,,,,,,,
p4_22695,101,6,,93,0,,,,,,,,,,,,,,,
p4_22695,101,7,,4,0,,,,,,,,,,,,,,,
p4_22695,101,8,,72,0,,,,,,,,,,,,,,,
p4_22695,101,9,,0,0,,,,,,,,,,,,,,,
p4_22695,101,10,,6,0,,,,,,,,,,,,,,,
p4_22695,101,11,,857,0,,,,,,,,,,,,,,,
p4_22695,200,1,,1575,0,,,,,,,,,,,,,,,
p4_22695,200,2,trk,3420,0,0.7470465592493698,,,,,,,,,,,,,,
p4_22695,200,3,,776,0,,,,,,,,,,,,,,,
p4_22695,200,4,,431,0,,,,,,,,,,,,,,,
p4_22695,200,5,,1,0,,,,,,,,,,,,,,,
p4_22695,200,6,,31,0,,,,,,,,,,,,,,,
p4_22695,200,7,,0,0,,,,,,,,,,,,,,,
p4_22695,200,8,,3,0,,,,,,,,,,,,,,,
p4_22695,200,9,,4,0,,,,,,,,,,,,,,,
p4_22695,200,10,,0,0,,,,,,,,,,,,,,,
p4_22695,200,11,,23,0,,,,,,,,,,,,,,,
p5_22698,000,1,trk,44705,0,0.5277208746704949,,,,,,,,,,,,,,
p5_22698,000,2,trk,114496,1,0.40662748129224774,0.325525518834134,-0.019878786227565875,10.245444619027207,16,3.0719557827032693,26.04127723164758,nan,nan,,,,0.325525518834134,tof,3.0719557827032693
p5_22698,000,3,trk,269221,1,0.5277208746704949,0.4448997449049002,-0.0007952168049561613,11.052694138196827,34,2.247697400262065,35.59093504820161,7.5,16.857730501965488,,,,0.4448997449049002,tof,2.247697400262065
p5_22698,000,4,trk,511372,1,0.7152860336420179,0.5966482787065877,-0.06617065856696734,7.9940318515135145,33,1.676029305184282,47.73046147420609,9.5,15.92227839925068,,,,0.5966482787065877,tof,1.676029305184282
p5_22698,000,5,trk,473421,1,0.3893398003942698,0.32870645177226315,-0.08699190817316028,21.05807105861854,33,3.0422280871226324,26.29574439844229,8.5,25.858938740542378,,,,0.32870645177226315,tof,3.0422280871226324
p5_22698,000,6,trk,751888,1,0.6557584510274015,0.5965060061771653,-0.08655331613384418,12.458560123610749,41,1.676429054602,47.71908000588248,10.5,17.602505073320998,,,,0.5965060061771653,tof,1.676429054602
p5_22698,000,7,trk,690471,1,0.4632340769984493,0.4279900732023479,-0.07331367360410213,6.998782654047129,36,2.3365027896972124,34.238201012850354,7.5,17.523770922729092,,,,0.4279900732023479,tof,2.3365027896972124
p5_22698,000,8,trk,916417,1,0.4632340769984493,0.4237071639847764,-0.04567992232727493,19.612800538701627,36,2.36012058563147,33.89557833094139,7.5,17.700904392236026,,,,0.4237071639847764,tof,2.36012058563147
p5_22698,000,9,trk,758416,1,0.40662748129224774,0.3535648350916134,0.012555558835871632,24.255790184628392,34,2.828335571723038,28.28435670099915,7.5,21.212516787922784,,,,0.3535648350916134,tof,2.828335571723038
p5_22698,000,10,trk,1219678,1,0.5511530284735912,0.5165711577211883,-0.08693270863497866,16.731974098227145,34,1.9358417229707883,41.32447980198117,7.5,14.518812922280912,,,,0.5165711577211883,tof,1.9358417229707883
p5_22698,000,11,trk,609482,0,0.6557584510274015,,,,,,,,,,,,,,
p5_22698,001,1,pair,472571,1,0.5756256297143499,0.5990316185937312,-0.49999999999999994,11.832849399566461,15,1.669360963529054,48.1141967446472,9.124376508401754,15.231877959667418,,,,0.5990316185937312,tof,1.669360963529054
p5_22698,001,2,pair,628755,1,0.8148609743026705,0.6795805134236058,-0.07590527316956713,19.437559546393558,10,1.4714959894335078,54.58388090340095,10.522341710226167,15.483583626046721,0.32694354070254017,47.94258029176144,9,0.32694354070254017,dEE,3.0586320740614363
p5_22698,001,3,pair,878423,1,0.42468277934759735,0.5143133758475387,-0.2248250128029824,13.764925949734495,8,1.9443398654606188,41.30963072036932,7.077693336661238,13.761441309975428,,,,0.5143133758475387,tof,1.9443398654606188
p5_22698,001,4,pair,1396198,1,0.42468277934759735,0.3463888975734914,0.0766984869134827,20.556979277368434,10,2.8869285563283262,27.821943033887834,5.134517049387941,14.822983892832704,,,,0.3463888975734914,tof,2.8869285563283262
p5_22698,001,5,pair,1509149,1,0.5756256297143499,0.5477475707522564,-0.40465624949414347,27.93949155080897,20,1.8256584846677397,43.99506397916944,7.894663144760575,14.412958753825842,0.334445441656981,34.112802913936505,6,0.334445441656981,dEE,2.9900243072400285
p5_22698,001,6,pair,1714520,1,0.5277208746704949,0.3732085336026343,-0.06484184081478321,45.701032090755106,19,2.679467134223486,29.976095176232718,7.274592187202158,19.492030680487126,0.2096078913731995,39.60237464246437,6,0.2096078913731995,dEE,4.770812746832776
p5_22698,001,7,pair,1128812,1,0.601184876914667,0.5639716162257485,-0.13533146092648665,10.913122446762364,15,1.7731388800951935,45.29817869244322,7.5,13.298541600713952,0.23825178501370756,43.16036650814076,6,0.23825178501370756,dEE,4.1972403268351846
p5_22698,001,8,pair,1830611,1,0.3893398003942698,0.3036228679204955,0.06055874182136299,22.054826498538233,14,3.29355956239058,24.386977164236164,5.426482505307252,17.872443345499892,,,,0.3036228679204955,tof,3.29355956239058
p5_22698,001,9,pair,1561203,1,0.6278790199287289,0.5339351532169927,0.02491126957050537,8.210611366990321,16,1.8728866117447736,42.88565112985937,9.561697370111773,17.907974990037552,0.47965231884131937,46.27054532048139,5,0.47965231884131937,dEE,2.0848434599788193
p5_22698,001,10,pair,1625074,1,0.48380285238722,0.3620260731248523,0.06203444859812736,25.54007695605726,14,2.7622319888963607,29.077920377412717,6.821229156797467,18.84181738049851,0.2083254725310965,60.63395805844638,7,0.2083254725310965,dEE,4.800181119717519
p5_22698,001,11,pair,1004829,0,0.42468277934759735,,,,,,,,,,,,,,
p5_22698,100,1,trk,679306,1,1.012565535985371,0.9244278404721687,-0.10194487661655882,29.41143291793394,27,1.0817501985760525,73.95205684828402,16.5,17.848878276504866,,,,0.9244278404721687,tof,1.0817501985760525
p5_22698,100,2,trk,1443805,1,0.4632340769984493,0.4341175388917412,-0.0861370731882316,17.706335392806984,35,2.303523609188655,34.728383881819845,5.627490277537276,12.963056714786731,,,,0.4341175388917412,tof,2.303523609188655
p5_22698,100,3,trk,1388140,1,0.34176298822178053,0.3312048288349837,-0.08142986931355449,3.9123347911788016,32,3.019279650956509,26.495608697722144,5.5,16.606038080260802,,,,0.3312048288349837,tof,3.019279650956509
p5_22698,100,4,trk,2269337,1,0.48380285238722,0.4107102671312176,-0.007298104374005476,22.88938023309945,36,2.4348064317576714,32.855857097021456,6.918836516042541,16.84602764954022,,,,0.4107102671312176,tof,2.4348064317576714
p5_22698,100,5,trk,2330248,1,0.42468277934759735,0.3950376155028746,-0.06222560743319713,10.28941479864952,34,2.5314045061937227,31.60208176330738,5.5,13.922724784065476,,,,0.3950376155028746,tof,2.5314045061937227
p5_22698,100,6,trk,3111258,1,0.40662748129224774,0.4004480000392263,-0.011931764202424916,10.363175358579333,34,2.497203132246993,32.034899823610495,6.594167232787124,16.466975068276493,,,,0.4004480000392263,tof,2.497203132246993
p5_22698,100,7,trk,2458925,1,0.37278710157345135,0.3286799313628581,-0.07420369127631667,9.901894631984012,32,3.0424735573405415,26.293622827955016,5.5,16.73360456537298,,,,0.3286799313628581,tof,3.0424735573405415
p5_22698,100,8,trk,3418862,1,0.4632340769984493,0.44886162563227505,-0.03010443992431007,5.338437948308428,31,2.227858081187896,35.90787620461172,6.253335963055856,13.931545059676884,,,,0.44886162563227505,tof,2.227858081187896
p5_22698,100,9,trk,2179574,1,0.27503337973278175,0.2663020791306254,-0.04786182348103264,23.66428811027709,18,3.755134031490171,21.303541101299345,4.5,16.89810314170577,,,,0.2663020791306254,tof,3.755134031490171
p5_22698,100,10,trk,1155640,1,0.24142466201252666,0.23169528380519055,-0.002481633799490941,15.98734054274479,23,4.316013617440743,18.53507872576519,nan,nan,,,,0.23169528380519055,tof,4.316013617440743
p5_22698,100,11,trk,2328051,1,0.6278790199287289,0.45181106262920007,-0.016806430177276503,31.041461791785885,21,2.2133145527264277,36.14382423962073,7.5,16.599859145448207,,,,0.45181106262920007,tof,2.2133145527264277
p5_22698,101,1,pair,605752,1,0.7802173332600341,0.8944643010187028,-0.3831330455212698,14.552232340930168,11,1.117987603150962,71.84333852244436,10.382761964159958,11.607799162398164,0.3365593131381577,49.114820128708615,6,0.3365593131381577,dEE,2.9712444759759173
p5_22698,101,2,pair,36480,0,1.012565535985371,,,,,,,,,0.4880312140993706,18.910404387236763,8,0.4880312140993706,dEE,2.049049263878406
p5_22698,101,3,pair,1618084,1,0.601184876914667,0.5047467232708311,0.04351090012173072,11.656386331609198,23,1.981191662859853,40.54123755049966,6.514005543345199,12.905493474298375,0.38337778281077806,14.649229600996517,5,0.38337778281077806,dEE,2.608393195527361
p5_22698,101,4,pair,1574257,1,0.7802173332600341,0.9078787388490303,-0.21793313300359635,20.648650272858696,9,1.1014686843176404,72.92078565704202,10.157510284640665,11.188179489166055,0.3639899823638275,21.3609069007418,8,0.3639899823638275,dEE,2.7473283564173654
p5_22698,101,5,pair,2353424,1,0.40662748129224774,0.36654894786898956,0.004598347427438883,4.865525462776496,15,2.728148602836574,29.441197504255673,5.529756459246088,15.085997358318735,,,,0.36654894786898956,tof,2.728148602836574
p5_22698,101,6,pair,2334073,1,0.4632340769984493,0.3277027906733528,0.06961229035648543,42.91225664039355,15,3.051545572575788,26.321075640785274,5.72657622190375,17.47490831596817,0.17164127212437222,54.64744306839081,8,0.17164127212437222,dEE,5.826104570440346
p5_22698,101,7,pair,2123114,1,0.4632340769984493,0.3784068067007998,0.051267153162643735,10.978443699923927,20,2.6426585946449004,30.39362027309604,6.593628960301913,17.424710241841368,0.22105888832546067,64.81258146150098,6,0.22105888832546067,dEE,4.523681484038406
p5_22698,101,8,pair,2519885,1,0.6848758000270001,0.49685770549451047,0.10938760193878092,18.828285458418268,19,2.012648669712638,39.90759194377361,7.837243194529036,15.773617089683288,0.28457519231146117,104.18817912655717,6,0.28457519231146117,dEE,3.514009748627429
p5_22698,101,9,pair,1164043,1,0.5277208746704949,0.5172254324094989,0.060211946031467435,29.23863527875516,22,1.9333929411426887,41.543526992293366,7.234868357240136,13.987843411984677,0.21722299498006425,50.890389611377444,8,0.21722299498006425,dEE,4.60356418569671
p5_22698,101,10,pair,2320,0,0.4632340769984493,,,,,,,,,,,,,,
p5_22698,101,11,pair,1477335,1,0.5052849339034997,0.3835594566307442,0.08333933612479687,14.262392776351966,18,2.6071577240832005,30.80748091882896,6.127133436119111,15.97440326446638,0.18752165013160907,98.05834712442575,6,0.18752165013160907,dEE,5.332717578467158
p5_22698,200,1,trk,1699541,1,0.5277208746704949,0.4303031424705135,0.045737740713613764,29.5209728869514,16,2.323943056187476,34.423241123635016,6.5,15.105629865218594,,,,0.4303031424705135,tof,2.323943056187476
p5_22698,200,2,trk,1805561,1,0.2633403940791744,0.2567725018252752,-0.022816881215886233,9.980575928162347,27,3.8944980201986943,20.54119729059648,4.5,17.525241090894124,,,,0.2567725018252752,tof,3.8944980201986943
p5_22698,200,3,trk,3832549,1,0.4632340769984493,0.3348480238448115,0.02806787757395451,35.14400338147158,24,2.986429450942376,26.78705574494495,6.258667077641756,18.691067684312795,,,,0.3348480238448115,tof,2.986429450942376
p5_22698,200,4,trk,2711460,1,0.34176298822178053,0.31842865263133296,-0.005020590363333685,9.526766229893925,34,3.14042091293138,25.473544597582663,5.5,17.27231502112259,,,,0.31842865263133296,tof,3.14042091293138
p5_22698,200,5,trk,1953116,1,0.2311605438459164,0.2155849391280646,-0.04312167674372768,2.9698703772945714,20,4.638542952232702,17.24628897577265,5.339542586418565,24.767697632378205,,,,0.2155849391280646,tof,4.638542952232702
p5_22698,200,6,trk,2855275,1,0.2633403940791744,0.25993946931515355,-0.01345718405715961,7.1229672480725865,27,3.847049478998469,20.794547254319472,5.380177067256434,20.697807383508376,,,,0.25993946931515355,tof,3.847049478998469
p5_22698,200,7,trk,1843102,1,0.20291302903979977,0.20215296119551365,-0.0832028916178669,7.186830149861631,18,4.946749204592868,16.17176227702508,4.823747360729428,23.86186841984524,,,,0.20215296119551365,tof,4.946749204592868
p5_22698,200,8,trk,2542363,1,0.2521445332241218,0.24593043056951852,-0.04720545051317329,8.143360018356542,28,4.0661905795237665,19.673857045359668,4.5,18.29785760785695,,,,0.24593043056951852,tof,4.0661905795237665
p5_22698,200,9,trk,2566803,1,0.2633403940791744,0.2474709748831497,-0.024885272064146407,6.713105249695956,29,4.040877927086915,19.79709697353055,4.932242630872556,19.93059037813001,,,,0.2474709748831497,tof,4.040877927086915
p5_22698,200,10,trk,2486218,1,0.3893398003942698,0.3564218779470195,0.0244301360206732,14.465388484395476,34,2.8056639108686965,28.512913421611394,4.442749235443876,12.464861194924376,,,,0.3564218779470195,tof,2.8056639108686965
p5_22698,200,11,trk,959412,1,0.2311605438459164,0.17843117404632963,-0.02912907853215362,6.2408215298208285,13,5.604401839223174,14.27407499955914,4.5,25.21980827650428,,,,0.17843117404632963,tof,5.604401839223174
