spec,first,last,nrun,n_ph,phase,table_cur,dphi,mu_noRF,emu_noRF,mu_cur,emu_cur,mu_run,emu_run,mu_new,emu_new
P,22562,22570,8,839083,0.3469,-0.34,0.0069,0.8513,0.1287,0.9259,0.0971,0.9275,0.107,0.9259,0.0971
P,22572,22572,1,397227,0.3448,-0.34,0.0048,0.8679,0.1002,1.094,0.1097,1.0726,0.111,1.094,0.1097
P,22573,22573,1,185413,0.3464,-0.34,0.0064,0.8656,0.102,1.1443,0.1411,1.0893,0.1099,1.1443,0.1411
P,22574,22610,5,248509,0.3353,-0.34,-0.0047,1.0703,0.1395,1.2768,0.1476,1.279,0.1458,1.2768,0.1476
P,22611,22613,3,228765,0.3335,-0.34,-0.0065,1.1472,0.1769,1.0277,0.105,1.1353,0.1413,1.0277,0.105
P,22614,22615,2,211629,0.3429,-0.34,0.0029,0.6812,0.1342,0.9334,0.1395,0.9539,0.1215,0.9334,0.1395
P,22812,23037,5,375289,0.3203,-0.34,-0.0197,-0.1708,0.1039,0.0585,0.1206,-0.1442,0.0947,0.0585,0.1206
P,23105,23105,1,333314,0.2803,-0.34,-0.0597,-0.0112,0.1095,0.0384,0.0778,0.102,0.079,0.0384,0.0778
P,23106,23106,1,330931,0.2835,-0.34,-0.0565,-0.1368,0.1761,0.1365,0.1815,0.2402,0.1819,0.1365,0.1815
P,23107,23107,1,336412,0.3414,-0.34,0.0014,-0.0973,0.1722,0.0636,0.1196,0.0742,0.1282,0.0636,0.1196
P,23108,23108,1,335862,0.3446,-0.34,0.0046,-0.1611,0.1475,0.077,0.1032,0.0516,0.0988,0.077,0.1032
P,23109,23109,1,336421,0.3436,-0.34,0.0036,-0.0834,0.2091,0.1248,0.1565,0.0927,0.1372,0.1248,0.1565
P,23227,23403,2,165852,0.3606,-0.34,0.0206,-0.1509,0.1294,0.0706,0.1391,0.0326,0.1489,0.0706,0.1391
P,23404,23413,10,157301,0.3606,-0.34,0.0206,-0.1182,0.0874,0.0155,0.0856,-0.0158,0.0887,0.0155,0.0856
P,23414,23448,5,367354,0.3477,-0.34,0.0077,-0.0088,0.067,0.1546,0.0623,0.1336,0.0582,0.1546,0.0623
P,23449,23449,1,280410,0.3561,-0.34,0.0161,-0.0377,0.0895,0.1627,0.0763,0.115,0.0701,0.1627,0.0763
P,23462,23470,9,103321,0.3463,-0.34,0.0063,-0.1409,0.0553,0.0743,0.07,0.0327,0.0612,0.0743,0.07
P,23726,23727,2,1770151,2.3708,-2.38,-0.0092,-0.0727,0.0507,0.0919,0.0426,0.0945,0.041,0.0919,0.0426
P,23728,23728,1,943620,2.3675,-2.38,-0.0125,-0.0043,0.0765,0.0794,0.0575,0.0856,0.0547,0.0794,0.0575
P,23729,23729,1,1141015,2.3682,-2.38,-0.0118,-0.0819,0.0711,0.0362,0.057,0.0549,0.0603,0.0362,0.057
P,23730,23730,1,1074412,2.3708,-2.38,-0.0092,-0.0836,0.066,0.0706,0.0673,0.0721,0.0656,0.0706,0.0673
P,23731,23733,3,177689,2.3691,-2.38,-0.0109,0.1359,0.2056,0.2079,0.1785,0.2423,0.1956,0.2079,0.1785
P,23734,23738,3,155489,2.3656,-2.38,-0.0144,-0.1502,0.2285,0.0541,0.2274,0.0993,0.1968,0.0541,0.2274
P,23740,23744,4,514876,2.3688,-2.38,-0.0112,-0.0129,0.0927,0.0394,0.0843,0.0404,0.0905,0.0394,0.0843
P,23745,23745,1,969001,2.3681,-2.38,-0.0119,-0.0346,0.0765,0.1056,0.065,0.1079,0.0654,0.1056,0.065
P,23746,23746,1,969258,2.3694,-2.38,-0.0106,0.1437,0.0795,0.1367,0.0603,0.1744,0.0719,0.1367,0.0603
P,23747,23750,2,760974,2.371,-2.38,-0.009,-0.0527,0.0773,0.0429,0.0496,0.0574,0.0464,0.0429,0.0496
H,22609,22609,1,455470,3.8188,-3.84,-0.0212,0.6521,0.0791,0.6731,0.085,0.7296,0.0839,0.6731,0.085
H,22610,22610,1,399241,3.8361,-3.84,-0.0039,0.6594,0.1021,0.6163,0.0888,0.6268,0.0839,0.6266,0.084
H,22611,22611,1,432458,3.84,-3.84,0.0,0.6827,0.1018,0.7669,0.1017,0.7669,0.1017,0.7669,0.1017
H,22612,22613,2,380629,3.8455,-3.84,0.0055,0.7887,0.0846,0.714,0.0765,0.7226,0.0735,0.7234,0.0736
H,22614,22614,1,373956,3.8543,-3.84,0.0143,0.6644,0.0919,0.6963,0.0982,0.6993,0.1099,0.7271,0.109
H,22615,22615,1,374698,3.857,-3.84,0.017,0.7504,0.0988,0.7288,0.1177,0.745,0.1159,0.736,0.1125
H,22721,22721,1,0,3.7688,-1.89,1.8788,nan,nan,nan,nan,nan,nan,nan,nan
H,22812,23037,5,359347,3.7967,-3.82,-0.0233,-0.2533,0.0846,-0.2482,0.0731,-0.2226,0.0696,-0.209,0.0856
H,23105,23105,1,288414,3.8104,-3.82,-0.0096,-0.1023,0.1592,-0.2263,0.1056,-0.2119,0.1034,-0.212,0.1033
H,23106,23106,1,287245,3.8116,-3.82,-0.0084,-0.316,0.1804,-0.2688,0.1129,-0.0401,0.6165,-0.0455,0.6035
H,23107,23107,1,289384,3.8089,-3.82,-0.0111,0.0351,0.1184,-0.0257,0.0683,0.0094,0.0754,0.0084,0.0758
H,23108,23108,1,288267,3.8425,-3.82,0.0225,-0.3278,0.2602,-0.2204,0.1578,-0.1634,0.1863,-0.1274,0.1602
H,23109,23109,1,288136,3.8131,-3.82,-0.0069,-0.029,0.1367,-0.0702,0.1361,-0.0594,0.1192,-0.0594,0.1192
H,23227,23413,12,246752,3.8168,-3.82,-0.0032,-0.2056,0.0743,-0.1469,0.0811,-0.1687,0.0776,-0.1469,0.0811
H,23414,23448,5,276225,3.8463,-3.82,0.0263,-0.1893,0.0773,-0.2335,0.0594,-0.2777,0.0634,-0.2335,0.0594
H,23449,23470,10,231605,3.8401,-3.82,0.0201,-0.0997,0.0721,-0.1738,0.0616,-0.1846,0.0614,-0.1686,0.0577
H,23726,23727,2,316771,1.7324,-1.82,-0.0876,-0.2323,0.1151,-0.3242,0.0993,-0.2473,0.1037,-0.2242,0.1331
H,23728,23728,1,167131,1.7201,-1.82,-0.0999,0.0102,0.0982,-0.1052,0.1099,0.012,0.0972,-0.0168,0.1088
H,23729,23729,1,202844,1.7214,-1.82,-0.0986,-0.0446,0.1121,-0.1172,0.0954,-0.0051,0.1033,-0.016,0.0995
H,23730,23730,1,190208,1.7231,-1.82,-0.0969,0.0686,0.1086,-0.016,0.0822,0.0718,0.0795,-0.0001,0.0744
H,23731,23743,9,174700,1.7388,-1.82,-0.0812,-0.3697,0.1777,-0.4681,0.148,-0.4269,0.1406,-0.4296,0.1483
H,23744,23744,1,305539,1.7253,-1.82,-0.0947,-0.0741,0.1021,-0.2943,0.0733,-0.2069,0.0772,-0.2222,0.074
H,23745,23745,1,749516,1.7388,-1.82,-0.0812,-0.156,0.051,-0.2666,0.0433,-0.1918,0.0406,-0.2109,0.0434
H,23746,23746,1,746050,1.7371,-1.82,-0.0829,-0.0968,0.0551,-0.3101,0.0527,-0.2146,0.0552,-0.2351,0.0517
H,23747,23750,2,591419,1.7357,-1.82,-0.0843,-0.139,0.0659,-0.3145,0.0539,-0.208,0.0591,-0.2301,0.0565
