run,spec,n_ev,n_ph,phase,phase_old,user_phase,circ_minus_mode,width,table_cur,dphi,mu_noRF,emu_noRF,mu_cur,emu_cur,mu_run,emu_run,mu_new,emu_new
22562,P,8950,468,0.3394,0.3382,0.3414,0.0908,0.387,-0.34,-0.0006,nan,nan,nan,nan,nan,nan,nan,nan
22563,P,45822,2283,0.3457,0.3445,0.3453,0.0912,0.4028,-0.34,0.0057,-1.6598,0.8111,1.0183,0.3861,0.769,0.4059,1.0183,0.3861
22564,P,47762,2397,0.3408,0.3397,0.3399,0.0968,0.3918,-0.34,0.0008,nan,nan,nan,nan,1.0678,0.1049,nan,nan
22565,P,47772,2366,0.3477,0.3459,0.3493,0.0841,0.4181,-0.34,0.0077,-0.3984,0.1499,1.1475,0.0905,1.2263,0.1283,1.1475,0.0905
22566,P,48524,2354,0.3504,0.3478,0.35,0.094,0.3912,-0.34,0.0104,1.4367,0.0815,1.2314,0.0806,1.2156,0.0544,1.2314,0.0806
22567,P,47756,2349,0.3405,0.3402,0.3419,0.0851,0.4016,-0.34,0.0005,0.558,0.1712,0.8653,0.0607,0.8614,0.0583,0.8653,0.0607
22568,P,49352,2544,0.3369,0.3349,0.3379,0.0916,0.3983,-0.34,-0.0031,1.0395,0.0904,1.261,0.1567,1.2475,0.1588,1.261,0.1567
22570,P,955793,824322,0.3479,0.3464,0.3368,0.096,0.3962,-0.34,0.0079,0.8539,0.1742,0.9165,0.1286,0.9035,0.1271,0.9165,0.1286
22572,P,803125,397227,0.3448,0.3432,0.3438,0.0954,0.3985,-0.34,0.0048,0.8679,0.1002,1.094,0.1097,1.0726,0.111,1.094,0.1097
22573,P,795813,185413,0.3464,0.3451,0.3504,0.096,0.4021,-0.34,0.0064,0.8656,0.102,1.1443,0.1411,1.0893,0.1099,1.1443,0.1411
22574,P,87794,3820,0.3425,0.3408,0.34,0.0934,0.3943,-0.34,0.0025,0.1691,0.0694,0.7098,0.1459,0.717,0.1475,0.7098,0.1459
22586,P,118206,5136,0.3408,0.3393,0.3403,0.0916,0.3848,-0.34,0.0008,1.0801,0.1157,nan,nan,1.2241,0.1444,nan,nan
22587,P,5938,279,0.3405,0.3363,0.3402,0.0921,0.3813,-0.34,0.0005,1.5275,0.1922,nan,nan,nan,nan,nan,nan
22609,P,217732,127905,0.334,0.3325,0.33,0.0952,0.3937,-0.34,-0.006,1.143,0.3565,nan,nan,1.3032,0.2918,nan,nan
22610,P,194257,111369,0.3301,0.3287,0.3303,0.0963,0.3933,-0.34,-0.0099,1.1172,0.2151,1.3477,0.214,1.3659,0.2186,1.3477,0.214
22611,P,208699,121624,0.3269,0.3255,0.3173,0.0975,0.3923,-0.34,-0.0131,1.1432,0.1594,1.1974,0.1225,1.1666,0.1271,1.1974,0.1225
22612,P,2554,1513,0.3203,0.3218,0.3194,0.0953,0.3853,-0.34,-0.0197,nan,nan,nan,nan,nan,nan,nan,nan
22613,P,195345,105628,0.3407,0.339,0.3332,0.0968,0.3944,-0.34,0.0007,1.2189,0.5432,0.9007,0.2065,1.05,0.2297,0.9007,0.2065
22614,P,195932,105666,0.3435,0.3419,0.3494,0.0976,0.3927,-0.34,0.0035,0.7249,0.3031,1.1468,0.1469,1.1049,0.1377,1.1468,0.1469
22615,P,198960,105963,0.3423,0.341,0.3395,0.097,0.392,-0.34,0.0023,0.7457,0.1504,0.8552,0.184,0.8024,0.2203,0.8552,0.184
22812,P,24433,3728,0.3314,0.328,0.3332,0.0969,0.4024,-0.34,-0.0086,nan,nan,-0.1298,0.1179,0.93,0.0503,-0.1298,0.1179
22844,P,94246,8707,0.302,0.3005,1.7454,0.0971,0.3978,-0.34,-0.038,-0.077,0.3344,0.1526,0.5628,nan,nan,0.1526,0.5628
23015,P,1012,78,0.2958,0.2949,0.433,0.111,0.3888,-0.34,-0.0442,nan,nan,nan,nan,nan,nan,nan,nan
23016,P,23574,1753,0.3204,0.3183,0.318,0.0905,0.4034,-0.34,-0.0196,1.1515,0.0293,0.6829,0.1729,-0.9922,0.1557,0.6829,0.1729
23037,P,459552,361023,0.3236,0.3218,0.3188,0.0943,0.4059,-0.34,-0.0164,-0.1284,0.1417,0.0541,0.1339,0.1075,0.1724,0.0541,0.1339
23105,P,459577,333314,0.2803,0.2788,0.2786,0.0954,0.4052,-0.34,-0.0597,-0.0112,0.1095,0.0384,0.0778,0.102,0.079,0.0384,0.0778
23106,P,458679,330931,0.2835,0.2821,0.2887,0.0955,0.4054,-0.34,-0.0565,-0.1368,0.1761,0.1365,0.1815,0.2402,0.1819,0.1365,0.1815
23107,P,459311,336412,0.3414,0.3399,0.319,0.0962,0.4054,-0.34,0.0014,-0.0973,0.1722,0.0636,0.1196,0.0742,0.1282,0.0636,0.1196
23108,P,459347,335862,0.3446,0.343,0.3432,0.0952,0.4057,-0.34,0.0046,-0.1611,0.1475,0.077,0.1032,0.0516,0.0988,0.077,0.1032
23109,P,459334,336421,0.3436,0.3419,0.3435,0.0969,0.4053,-0.34,0.0036,-0.0834,0.2091,0.1248,0.1565,0.0927,0.1372,0.1248,0.1565
23227,P,44058,3588,0.3491,0.3467,0.3475,0.0958,0.4037,-0.34,0.0091,0.3289,0.0361,-0.4763,0.176,-0.2277,0.2318,-0.4763,0.176
23403,P,355799,162264,0.362,0.3598,0.3569,0.0943,0.4028,-0.34,0.022,0.2129,0.4163,0.0704,0.159,0.0277,0.1668,0.0704,0.159
23404,P,49269,3764,0.3618,0.3602,0.3608,0.0932,0.4036,-0.34,0.0218,-0.3906,0.1929,nan,nan,-0.9354,0.1705,nan,nan
23405,P,46701,3547,0.3614,0.3593,0.3638,0.0943,0.3989,-0.34,0.0214,-0.1725,0.073,0.4049,0.3875,0.3303,0.1736,0.4049,0.3875
23406,P,56806,4155,0.3623,0.3602,0.3629,0.0922,0.3993,-0.34,0.0223,-0.4445,0.1365,0.2204,0.1565,0.0135,0.2204,0.2204,0.1565
23407,P,47530,3542,0.3665,0.3645,0.3668,0.0901,0.4018,-0.34,0.0265,-0.5792,0.0986,-0.14,0.2096,-0.1322,0.1914,-0.14,0.2096
23408,P,25804,1392,0.3596,0.3585,0.3543,0.0944,0.4001,-0.34,0.0196,-0.3152,0.1224,-0.7201,0.0446,nan,nan,-0.7201,0.0446
23409,P,26649,1426,0.3634,0.3625,0.3607,0.0905,0.3983,-0.34,0.0234,-2.8794,0.2827,0.1388,0.117,nan,nan,0.1388,0.117
23410,P,30141,1677,0.3605,0.3587,0.3602,0.0959,0.4016,-0.34,0.0205,nan,nan,nan,nan,nan,nan,nan,nan
23411,P,29159,1586,0.3605,0.357,0.3577,0.0931,0.3999,-0.34,0.0205,nan,nan,0.3485,0.0744,0.2268,0.0697,0.3485,0.0744
23412,P,10047,600,0.358,0.3555,0.3551,0.0962,0.395,-0.34,0.018,nan,nan,1.1593,0.2208,-1.6875,13.2071,1.1593,0.2208
23413,P,299119,135612,0.3589,0.357,0.3586,0.0929,0.4033,-0.34,0.0189,-0.0737,0.1338,-0.0016,0.1147,-0.0089,0.1122,-0.0016,0.1147
23414,P,43680,3264,0.3547,0.3531,0.3548,0.0926,0.4045,-0.34,0.0147,nan,nan,0.8656,0.0465,1.1704,0.2284,0.8656,0.0465
23415,P,71030,5330,0.2984,0.2959,0.2976,0.0915,0.4053,-0.34,-0.0416,-0.3494,0.3051,0.0361,0.1053,0.088,0.1603,0.0361,0.1053
23416,P,38781,0,0.3375,0.3378,0.3385,0.1011,0.4773,-0.34,-0.0025,nan,nan,nan,nan,nan,nan,nan,nan
23447,P,144614,9928,0.346,0.3455,0.3471,0.1082,0.4255,-0.34,0.006,0.0223,0.1572,0.0192,0.1219,0.0426,0.1434,0.0192,0.1219
23448,P,888225,348832,0.352,0.3511,0.3497,0.107,0.4257,-0.34,0.012,0.0106,0.0803,0.2005,0.071,0.17,0.0675,0.2005,0.071
23449,P,794115,280410,0.3561,0.3549,0.354,0.1052,0.4242,-0.34,0.0161,-0.0377,0.0895,0.1627,0.0763,0.115,0.0701,0.1627,0.0763
23462,P,29242,0,0.3482,0.3464,0.3487,0.1146,0.4249,-0.34,0.0082,nan,nan,nan,nan,nan,nan,nan,nan
23463,P,130554,10803,0.3525,0.3517,0.3564,0.1087,0.4252,-0.34,0.0125,0.3037,0.2743,0.3703,0.2083,0.3812,0.1952,0.3703,0.2083
23464,P,199176,16293,0.3427,0.3418,0.3421,0.1097,0.4265,-0.34,0.0027,-0.2441,0.1189,0.1019,0.1232,0.1139,0.0926,0.1019,0.1232
23465,P,150962,12241,0.3371,0.3362,0.3467,0.1093,0.426,-0.34,-0.0029,-0.1103,0.1117,0.1109,0.2024,0.2576,0.3013,0.1109,0.2024
23466,P,194592,17046,0.3471,0.3458,0.3425,0.1087,0.4241,-0.34,0.0071,-0.13,0.1247,-0.0596,0.079,-0.0692,0.0801,-0.0596,0.079
23467,P,266609,24070,0.3526,0.3516,0.3549,0.1072,0.4237,-0.34,0.0126,-0.2811,0.1202,0.0693,0.2106,-0.0312,0.1432,0.0693,0.2106
23468,P,113557,7576,0.35,0.349,0.3527,0.1069,0.4217,-0.34,0.01,-0.2401,0.1541,-0.0493,0.276,-0.2745,0.1648,-0.0493,0.276
23469,P,117295,7791,0.3453,0.3447,0.3552,0.1071,0.4231,-0.34,0.0053,-0.3502,0.0895,-0.1292,0.1154,-0.197,0.1088,-0.1292,0.1154
23470,P,116775,7501,0.338,0.3366,0.3322,0.111,0.425,-0.34,-0.002,0.1083,0.2767,0.288,0.4132,0.2512,0.4258,0.288,0.4132
23726,P,141371,56195,2.371,2.3696,2.369,0.1057,0.4213,-2.38,-0.009,-0.0573,0.2322,0.1012,0.2401,0.1,0.2395,0.1012,0.2401
23727,P,3472794,1713956,2.3708,2.3696,2.3765,0.1067,0.4229,-2.38,-0.0092,-0.0741,0.0525,0.0849,0.0428,0.088,0.0414,0.0849,0.0428
23728,P,1944145,943620,2.3675,2.3664,2.3722,0.1063,0.4212,-2.38,-0.0125,-0.0043,0.0765,0.0794,0.0575,0.0856,0.0547,0.0794,0.0575
23729,P,2196097,1141015,2.3682,2.3669,2.3616,0.1068,0.4217,-2.38,-0.0118,-0.0819,0.0711,0.0362,0.057,0.0549,0.0603,0.0362,0.057
23730,P,2089450,1074412,2.3708,2.3699,2.3665,0.1064,0.4225,-2.38,-0.0092,-0.0836,0.066,0.0706,0.0673,0.0721,0.0656,0.0706,0.0673
23731,P,115925,59369,2.3741,2.3727,2.3708,0.1045,0.4205,-2.38,-0.0059,-0.8521,0.4773,-1.2125,0.1234,-1.212,0.1229,-1.2125,0.1234
23732,P,116632,59400,2.3654,2.3645,2.3684,0.0909,0.4409,-2.38,-0.0146,0.719,0.2591,0.3874,0.3391,0.4525,0.2655,0.3874,0.3391
23733,P,116096,58920,2.3679,2.3667,2.366,0.1052,0.4229,-2.38,-0.0121,0.1376,0.164,0.208,0.1376,0.2182,0.1384,0.208,0.1376
23734,P,115787,56053,2.3708,2.3703,2.3671,0.0914,0.4462,-2.38,-0.0092,-0.0164,0.4088,0.2667,0.1503,0.2919,0.1289,0.2667,0.1503
23736,P,116433,58405,2.3586,2.3575,2.3618,0.1033,0.4251,-2.38,-0.0214,-0.258,0.2264,-0.2374,0.1745,-0.1428,0.2716,-0.2374,0.1745
23738,P,80247,41031,2.3683,2.3675,2.3633,0.1044,0.4198,-2.38,-0.0117,nan,nan,0.4715,0.0594,0.4714,0.0594,0.4715,0.0594
23740,P,80614,40472,2.3534,2.3522,2.3551,0.1037,0.4249,-2.38,-0.0266,0.2163,0.1606,0.2232,0.1348,0.2417,0.1354,0.2232,0.1348
23742,P,80992,39081,2.3648,2.3638,2.3678,0.1054,0.4367,-2.38,-0.0152,0.1646,0.2742,0.1522,0.1304,0.1552,0.1231,0.1522,0.1304
23743,P,80439,39476,2.3688,2.3678,2.3738,0.1037,0.4259,-2.38,-0.0112,0.0786,0.9194,nan,nan,0.0622,0.4999,nan,nan
23744,P,806352,395847,2.3708,2.3698,2.3691,0.0935,0.4443,-2.38,-0.0092,-0.0223,0.1195,-0.0105,0.0972,-0.0152,0.1036,-0.0105,0.0972
23745,P,1996861,969001,2.3681,2.367,2.3738,0.1009,0.4292,-2.38,-0.0119,-0.0346,0.0765,0.1056,0.065,0.1079,0.0654,0.1056,0.065
23746,P,1998742,969258,2.3694,2.3683,2.3632,0.0974,0.4341,-2.38,-0.0106,0.1437,0.0795,0.1367,0.0603,0.1744,0.0719,0.1367,0.0603
23747,P,234635,112572,2.3749,2.3744,2.3731,0.0935,0.4461,-2.38,-0.0051,0.1481,0.1488,0.3433,0.0982,0.3586,0.1076,0.3433,0.0982
23750,P,1371185,648402,2.3703,2.3694,2.382,0.0953,0.4432,-2.38,-0.0097,-0.1066,0.0857,0.0188,0.0595,0.0197,0.0596,0.0188,0.0595
22609,H,764061,455470,3.8188,3.8192,3.8091,0.0028,0.2665,-3.84,-0.0212,0.6521,0.0791,0.6731,0.085,0.7296,0.0839,0.6731,0.085
22610,H,682480,399241,3.8361,3.8363,3.8306,0.003,0.2669,-3.84,-0.0039,0.6594,0.1021,0.6163,0.0888,0.6268,0.0839,0.6266,0.084
22611,H,729237,432458,3.84,3.8405,3.8422,0.0032,0.2664,-3.84,0.0,0.6827,0.1018,0.7669,0.1017,0.7669,0.1017,0.7669,0.1017
22612,H,8581,5242,3.8314,3.8315,3.8303,0.0046,0.2688,-3.84,-0.0086,nan,nan,0.2282,0.058,0.2283,0.058,0.2283,0.058
22613,H,679881,375387,3.8457,3.8461,3.8336,0.0031,0.2667,-3.84,0.0057,0.7903,0.0864,0.7044,0.0765,0.7136,0.0736,0.7144,0.0737
22614,H,683145,373956,3.8543,3.8546,3.8515,0.0029,0.2667,-3.84,0.0143,0.6644,0.0919,0.6963,0.0982,0.6993,0.1099,0.7271,0.109
22615,H,689767,374698,3.857,3.8573,3.8612,0.0029,0.2664,-3.84,0.017,0.7504,0.0988,0.7288,0.1177,0.745,0.1159,0.736,0.1125
22721,H,21344,0,3.7688,3.7687,3.7662,0.0018,0.2614,-1.89,1.8788,nan,nan,nan,nan,nan,nan,nan,nan
22812,H,79387,12951,3.8133,3.8131,3.8076,-0.0017,0.283,-3.82,-0.0067,nan,nan,0.3034,0.5999,0.0668,0.3527,0.0668,0.3527
22844,H,342988,33368,3.7699,3.7696,1.9566,-0.0044,0.2912,-3.82,-0.0501,-0.2319,0.093,-0.2328,0.097,-0.1823,0.098,-0.2328,0.097
23015,H,845,73,3.8514,3.8655,3.8374,-0.073,0.3377,-3.82,0.0314,nan,nan,nan,nan,-0.0442,0.1181,nan,nan
23016,H,18396,1536,3.8181,3.8163,3.8265,-0.0684,0.3311,-3.82,-0.0019,nan,nan,nan,nan,nan,nan,nan,nan
23037,H,382559,311419,3.816,3.8167,3.815,-0.0674,0.3375,-3.82,-0.004,-0.3886,0.1355,-0.2645,0.1794,-0.2422,0.1455,-0.2397,0.1466
23105,H,381150,288414,3.8104,3.8119,3.823,-0.0699,0.3393,-3.82,-0.0096,-0.1023,0.1592,-0.2263,0.1056,-0.2119,0.1034,-0.212,0.1033
23106,H,382473,287245,3.8116,3.8123,3.8126,-0.0692,0.3383,-3.82,-0.0084,-0.316,0.1804,-0.2688,0.1129,-0.0401,0.6165,-0.0455,0.6035
23107,H,382284,289384,3.8089,3.8102,3.8101,-0.0614,0.3327,-3.82,-0.0111,0.0351,0.1184,-0.0257,0.0683,0.0094,0.0754,0.0084,0.0758
23108,H,382526,288267,3.8425,3.8434,3.8389,-0.0611,0.3335,-3.82,0.0225,-0.3278,0.2602,-0.2204,0.1578,-0.1634,0.1863,-0.1274,0.1602
23109,H,381842,288136,3.8131,3.8137,3.8287,-0.06,0.331,-3.82,-0.0069,-0.029,0.1367,-0.0702,0.1361,-0.0594,0.1192,-0.0594,0.1192
23227,H,33858,3046,3.822,3.8244,3.8302,-0.0689,0.3316,-3.82,0.002,0.0765,0.1255,0.4584,0.0875,0.4584,0.0875,0.4584,0.0875
23403,H,260340,122459,3.7957,3.7939,3.797,-0.0581,0.3308,-3.82,-0.0243,-0.2124,0.1772,-0.4207,0.1495,-0.4098,0.151,-0.4207,0.1495
23404,H,37561,2995,3.7884,3.7908,3.7833,-0.0554,0.3279,-3.82,-0.0316,0.0986,0.1969,-1.4996,0.0859,-1.2761,0.1102,-1.4995,0.0859
23405,H,36188,2898,3.7973,3.7978,3.7923,-0.0593,0.3237,-3.82,-0.0227,-0.2744,0.134,nan,nan,0.2884,0.1585,-0.4018,0.1107
23406,H,43728,3620,3.8025,3.8034,3.8078,-0.0606,0.326,-3.82,-0.0175,nan,nan,nan,nan,-0.1652,1.2152,nan,nan
23407,H,36416,2989,3.8084,3.8075,3.8017,-0.06,0.3269,-3.82,-0.0116,-0.4951,0.1145,0.3779,0.9571,0.3606,0.937,0.3779,0.9571
23408,H,20363,1232,3.8115,3.8113,3.8117,-0.0538,0.3214,-3.82,-0.0085,0.3482,0.0629,nan,nan,nan,nan,nan,nan
23409,H,21124,1302,3.8272,3.826,3.8259,-0.0614,0.3284,-3.82,0.0072,0.1083,0.155,-0.1395,0.1057,0.0276,0.1401,-0.1395,0.1057
23410,H,23993,1561,3.8401,3.8389,3.8358,-0.07,0.3309,-3.82,0.0201,0.3719,0.2132,-0.1756,0.087,-0.3747,0.0926,nan,nan
23411,H,23372,1395,3.8441,3.8436,3.8459,-0.0651,0.3267,-3.82,0.0241,0.1822,0.1698,0.3494,0.1254,0.4216,0.138,0.3495,0.1255
23412,H,7910,442,3.8506,3.85,3.8475,-0.0683,0.3298,-3.82,0.0306,-1.9502,0.1333,nan,nan,nan,nan,-1.1684,1.2063
23413,H,217722,102813,3.8462,3.8459,3.8472,-0.0594,0.3333,-3.82,0.0262,-0.1404,0.138,0.0709,0.1948,-0.0166,0.1612,0.0747,0.2076
23414,H,33700,2777,3.8486,3.8496,3.85,-0.0589,0.3291,-3.82,0.0286,1.1131,0.0336,0.0562,0.0634,-0.0325,0.0646,0.0562,0.0634
23415,H,55071,4489,3.8187,3.819,3.8126,-0.065,0.3337,-3.82,-0.0013,-0.4605,0.4871,-0.2713,0.1455,-0.2576,0.1395,-0.2576,0.1395
23416,H,25978,0,3.8225,3.8223,3.8341,-0.0448,0.3574,-3.82,0.0025,nan,nan,nan,nan,nan,nan,nan,nan
23447,H,109968,8102,3.8461,3.8465,3.845,-0.065,0.3405,-3.82,0.0261,0.0294,0.2189,-0.0921,0.2736,-0.4054,0.144,-0.0921,0.2736
23448,H,653546,260857,3.8494,3.8495,3.8719,-0.0616,0.3417,-3.82,0.0294,-0.221,0.0867,-0.2194,0.0697,-0.2707,0.0746,-0.2194,0.0697
23449,H,582766,210677,3.8484,3.8484,3.8458,-0.0616,0.3427,-3.82,0.0284,-0.0761,0.0969,-0.1699,0.076,-0.1902,0.0679,-0.1648,0.0716
23462,H,6077,0,3.8149,3.8149,3.8242,-0.0612,0.3286,-3.82,-0.0051,nan,nan,nan,nan,nan,nan,nan,nan
23463,H,23765,2121,3.8325,3.8313,3.8412,-0.0662,0.3331,-3.82,0.0125,nan,nan,-0.5436,0.074,-0.4006,0.173,-0.5436,0.074
23464,H,36685,3295,3.8356,3.8385,3.8259,-0.0652,0.3305,-3.82,0.0156,0.2225,0.1154,-3.2174,0.3144,-0.3729,0.0548,nan,nan
23465,H,27622,2435,3.8301,3.8284,3.8393,-0.0614,0.3299,-3.82,0.0101,0.1126,0.0456,nan,nan,nan,nan,-0.0532,0.0284
23466,H,35580,3483,3.7961,3.7948,3.7953,-0.0639,0.3273,-3.82,-0.0239,0.2145,0.2419,0.0042,0.1228,-0.2324,0.0983,0.0191,0.1311
23467,H,48694,4678,3.8216,3.8207,3.8067,-0.0606,0.329,-3.82,0.0016,3.0425,0.3118,-0.3854,0.2519,-0.3854,0.2519,-0.3854,0.2519
23468,H,21819,1528,3.8313,3.8315,3.8273,-0.0619,0.3266,-3.82,0.0113,nan,nan,-0.1361,0.1156,-0.0782,0.1041,-0.1361,0.1156
23469,H,22689,1652,3.8195,3.8188,3.838,-0.0659,0.3267,-3.82,-0.0005,0.3829,0.405,-0.3441,0.0621,-0.3441,0.0621,-0.3441,0.0621
23470,H,22819,1736,3.7962,3.7975,3.7875,-0.0709,0.3245,-3.82,-0.0238,-0.3321,0.0943,-0.1792,0.1391,-0.4843,0.1267,-0.1826,0.1411
23726,H,24387,10436,1.7196,1.7213,1.7356,-0.0658,0.3293,-1.82,-0.1004,nan,nan,-0.3287,0.1515,-0.1995,0.2309,0.0119,0.2003
23727,H,591729,306335,1.7329,1.7314,1.7301,-0.0635,0.3263,-1.82,-0.0871,-0.2398,0.1208,-0.3362,0.1022,-0.261,0.1074,-0.2532,0.131
23728,H,332930,167131,1.7201,1.7187,1.7614,-0.0605,0.3258,-1.82,-0.0999,0.0102,0.0982,-0.1052,0.1099,0.012,0.0972,-0.0168,0.1088
23729,H,376093,202844,1.7214,1.7198,1.7298,-0.0622,0.326,-1.82,-0.0986,-0.0446,0.1121,-0.1172,0.0954,-0.0051,0.1033,-0.016,0.0995
23730,H,356837,190208,1.7231,1.7222,1.6959,-0.0619,0.3264,-1.82,-0.0969,0.0686,0.1086,-0.016,0.0822,0.0718,0.0795,-0.0001,0.0744
23731,H,19746,10371,1.702,1.7013,1.7259,-0.0489,0.3255,-1.82,-0.118,-0.0333,0.1815,-0.0695,0.0454,0.1185,0.0795,-0.0031,0.1052
23732,H,19446,10396,1.703,1.7028,1.702,-0.0637,0.3249,-1.82,-0.117,1.4509,0.5161,0.0956,0.1845,2.1578,0.0305,0.1722,0.1559
23733,H,19772,10678,1.7408,1.7409,1.7351,-0.0552,0.3238,-1.82,-0.0792,nan,nan,-3.0113,0.0333,nan,nan,nan,nan
23734,H,20056,10212,1.719,1.7203,1.7109,-0.0637,0.3287,-1.82,-0.101,-2.952,0.0604,-2.2814,0.1625,nan,nan,-2.176,0.43
23736,H,19481,10316,1.7331,1.7324,1.7526,-0.0652,0.3227,-1.82,-0.0869,-1.0981,0.235,-1.0052,0.2079,-0.7499,0.2187,-0.7951,0.3411
23738,H,59469,31846,1.7456,1.7453,1.7383,-0.0602,0.3259,-1.82,-0.0744,-0.2342,0.4409,-0.4711,0.2522,-0.3791,0.3202,-0.3785,0.3192
23740,H,59162,30398,1.7249,1.7248,1.719,-0.055,0.3263,-1.82,-0.0951,-0.1576,0.1796,-0.3932,0.3157,-0.1561,0.8184,-0.3114,0.3134
23742,H,58779,30197,1.756,1.7553,1.7552,-0.0623,0.3293,-1.82,-0.064,-0.3295,0.3362,-0.7433,0.1886,-0.6932,0.1685,-0.701,0.1759
23743,H,58918,30286,1.7611,1.761,1.7667,-0.0661,0.3317,-1.82,-0.0589,-0.4776,0.1974,-0.5377,0.2217,-0.4314,0.1615,-0.3595,0.2381
23744,H,589860,305539,1.7253,1.7244,1.7186,-0.0609,0.3287,-1.82,-0.0947,-0.0741,0.1021,-0.2943,0.0733,-0.2069,0.0772,-0.2222,0.074
23745,H,1461906,749516,1.7388,1.739,1.7079,-0.0609,0.329,-1.82,-0.0812,-0.156,0.051,-0.2666,0.0433,-0.1918,0.0406,-0.2109,0.0434
23746,H,1460265,746050,1.7371,1.7372,1.7126,-0.0604,0.3288,-1.82,-0.0829,-0.0968,0.0551,-0.3101,0.0527,-0.2146,0.0552,-0.2351,0.0517
23747,H,172077,87274,1.736,1.7348,1.7397,-0.0621,0.3292,-1.82,-0.084,-0.5259,0.316,-0.5479,0.2479,-0.4169,0.3534,-0.5074,0.3343
23750,H,1004228,504145,1.7357,1.7352,1.7597,-0.0615,0.3296,-1.82,-0.0843,-0.1107,0.0623,-0.2864,0.053,-0.1628,0.0535,-0.185,0.054
