plane,side,paddle,entries,npts,fix_c1,fix_c2,fix_c3,fix_chi2,fix_ndf,free_c1,free_c2,free_c3,free_chi2,free_ndf
000,Top,1,70704,30,3.380768673471185,0.5652652715442806,1.0,65.73992310816705,28,3.4124207793988988,0.5763253630352062,0.9699134401982107,65.64938940421432,27
000,Top,2,62412,29,2.489711435185763,0.6659550346719996,1.0,160.96011392251503,27,1.7795664605485026,0.4728724060513079,1.6905916809170713,60.00829542787249,26
000,Top,3,82670,31,4.374245475244618,0.8101379302342946,1.0,298.41154669790814,29,3.7914483957525387,0.6260578646165021,1.549688504435753,131.33215351647326,28
000,Top,4,106029,32,4.768886155408916,0.7750195817037518,1.0,273.07128315501006,30,4.22896340640879,0.5955544367165589,1.5307631337041123,90.58279640484602,29
000,Top,5,97785,32,2.417989413740974,0.7258970649543737,1.0,624.7065824997999,30,1.1523621546944764,0.42339209931795807,2.255194283040382,120.38733746210217,29
000,Top,6,112480,30,2.7002572766320982,0.6859968985618833,1.0,486.70724877144454,28,1.6022234686310726,0.4223828893109063,2.0741166393338584,182.00430298927589,27
000,Top,7,102749,31,3.541883464643555,0.7261605915510291,1.0,216.29233500566616,29,3.152645410548107,0.5921105775403342,1.3867019799398124,133.27682570974127,28
000,Top,8,138744,30,2.505820262484719,0.7048637413895817,1.0,264.9784143225383,28,1.8765128754910427,0.530253917287438,1.5909435979078155,117.65233319918828,27
000,Top,9,96524,29,2.2393032183384456,0.6665672965654512,1.0,347.37893839900613,27,1.2963000565100222,0.42433149700219885,1.9467408439492544,93.25140068626,26
000,Top,10,148483,31,3.2435478701524283,0.7484426997714652,1.0,283.1049856788912,29,2.6731698534149544,0.5723171278647996,1.549310399266037,72.35762194778677,28
000,Top,11,63111,31,2.4932922998009723,0.684558086653983,1.0,331.0725569026328,29,1.806442519052538,0.4893680986511956,1.676788598235634,257.5598800951225,28
000,Btm,1,112707,26,4.725082996496842,0.7094332298173024,1.0,102.84150795547797,24,4.327554619518851,0.5963507389305301,1.3530841371073519,66.18792149685787,23
000,Btm,2,103508,28,4.643340936774693,0.681541561093096,1.0,165.62394435766524,26,3.974531687000573,0.5119935566231864,1.6094482288736287,91.84326278382038,25
000,Btm,3,124172,30,3.453781568236918,0.6933195093993438,1.0,211.7023641469747,28,2.7813759466167016,0.5102664788275341,1.6397901910020036,61.74675595332651,27
000,Btm,4,157361,31,4.486802748286668,0.7438853760593848,1.0,295.4208523003502,29,3.8646944711186744,0.5667144900001911,1.5792766288889286,81.52144186315644,28
000,Btm,5,143119,30,2.5737158541480727,0.7001625493627385,1.0,599.6588314472485,28,1.4756808111109523,0.4343897460184897,2.077550488793778,119.86788166165749,27
000,Btm,6,136928,31,3.70986049949446,0.6642207610153108,1.0,212.23173349672413,29,3.193149748004796,0.5120955678795452,1.5035203861798359,87.10907615483295,28
000,Btm,7,119632,31,3.1259996930551925,0.6578997700588491,1.0,323.1405430048621,29,2.387042918087405,0.46603487238819313,1.7117305511475056,160.33872829440188,28
000,Btm,8,218648,32,3.815662793786978,0.5721407014018596,1.0,93.96726452260563,30,3.580290204398055,0.5030500504272689,1.2222902402886322,82.89338572855978,29
000,Btm,9,207184,31,4.526278919746869,0.7697980664237223,1.0,517.107088298458,29,3.824618281568306,0.5688324018761001,1.6609036191471618,129.68079800254725,28
000,Btm,10,222419,30,5.406048466230124,0.6248784609086065,1.0,213.228213246625,28,4.619413209719368,0.4304800253073545,1.758797309193694,44.26290920570479,27
000,Btm,11,123076,30,5.187129751318325,0.7272317635879754,1.0,143.22585014362477,28,4.768265383598851,0.5999602452047643,1.3854518143337327,84.46334222509581,27
001,Top,1,41613,29,4.671326395834947,0.6980993155998562,1.0,81.57181009369886,27,4.719208844815104,0.7166654155642334,0.9553846649730319,81.25342524207908,26
001,Top,2,54928,27,4.20206186349455,0.7102322816019598,1.0,102.48859808847537,25,3.68350400315978,0.5670476133492994,1.468194189609563,68.48647946319501,24
001,Top,3,52470,31,3.561459409872208,0.6930807735647786,1.0,261.09201300320166,29,3.0160441481860123,0.5248928451898822,1.5402858865933702,205.63901580474365,28
001,Top,4,56940,30,2.7220085247337513,0.6552770107760741,1.0,207.17036867368503,28,2.1096824132310945,0.4798625543266609,1.6020177949951877,140.70962655737924,27
001,Top,5,52208,28,3.2157483576618087,0.6030538297378973,1.0,123.00847020843642,26,1.8868792911789696,0.33640482484038786,2.301747182541817,43.70297216680618,25
001,Top,6,56865,30,3.759444394951777,0.5965069400499867,1.0,110.97177164275286,28,3.4764737921822055,0.5086274812122374,1.2752193048565104,101.54620660419623,27
001,Top,7,79239,30,4.082111487252348,0.7155862065643317,1.0,480.1957262290573,28,2.5163993983641895,0.39323332667606903,2.506644286086586,85.66144100996985,27
001,Top,8,59114,30,2.5631081122638495,0.667613110521065,1.0,78.69097852809222,28,2.1275780509236326,0.536492032758853,1.415989126360624,47.16021893574185,27
001,Top,9,82282,31,5.3182266503997155,0.7154170456464463,1.0,164.23716520665744,29,5.067592914791234,0.6289046515639993,1.2384203221533867,142.41994399504762,28
001,Top,10,57754,27,3.000729198556654,0.7190600743796445,1.0,247.76475482126972,25,2.201794625407992,0.4917426236341103,1.7932686393978894,103.8637235091203,24
001,Top,11,47410,27,3.115547647824941,0.7137577929791445,1.0,236.15246754970576,25,2.302406623878479,0.4940992265612643,1.7820236123622992,140.69025531903378,24
001,Btm,1,55743,23,3.5439044453484,0.6575840139168693,1.0,148.5542779215348,21,2.4078880810930174,0.42129251252934474,2.0422764656701786,76.56522062814823,20
001,Btm,2,139973,23,6.655717879251486,0.628890539538825,1.0,109.68925447927637,21,5.693788462306751,0.43447017391671044,1.8510917303772139,82.61321425978497,20
001,Btm,3,87943,30,3.822865759055049,0.711200531746072,1.0,373.82800148276453,28,2.576852807635127,0.4278681786106375,2.203451928033445,58.51725362302533,27
001,Btm,4,68309,26,2.3119933162422943,0.6470712816462306,1.0,146.66004874191987,24,1.748526652365349,0.4888068547171955,1.5439393623172848,95.0270512433251,23
001,Btm,5,107911,30,4.465636496028914,0.7844989957291003,1.0,286.01905612339596,28,3.993150274330723,0.6355422856990726,1.438931022087617,176.0941846974303,27
001,Btm,6,115723,32,6.405093037429609,0.6998068499321396,1.0,150.54090910810777,30,6.112027276895585,0.6037737689183568,1.2786681129458322,115.12413580503647,29
001,Btm,7,259943,25,7.6277056013178,0.6032531252743198,1.0,125.38905377183036,23,4.498154678856275,0.24899936724838997,3.878162607810893,53.67683684137322,22
001,Btm,8,101874,29,6.31670769684081,0.7282794564443891,1.0,563.3876466970502,27,4.908081098330721,0.42467078525983326,2.339383994000613,191.91761366792164,26
001,Btm,9,142472,31,6.332491100436954,0.6107175765108751,1.0,84.21884658830909,29,5.898551799845809,0.49042950058489426,1.4121454838950147,53.1489331759371,28
001,Btm,10,115835,32,6.2805307914035104,0.7852579854958989,1.0,576.9110524777473,30,5.350302238769899,0.5338755561833521,1.8886945533568302,125.85505768662551,29
001,Btm,11,80847,27,5.193185780749292,0.6719088123745961,1.0,427.7604976288341,25,4.395164957109658,0.4667403299964868,1.7690251275399964,326.48769952887983,24
100,Top,1,152109,31,4.134577274345253,0.7083194961706746,1.0,267.82342816844135,29,3.6019030880335587,0.5431811503739062,1.5222299148777982,132.5012226920358,28
100,Top,2,123903,32,2.7495728190050306,0.6736073764430216,1.0,759.8365264949616,30,1.193432053155135,0.34927253564830557,2.5608219416209064,127.86736888206526,29
100,Top,3,125658,31,4.6087376777625915,0.6276840040607693,1.0,259.52829386358974,29,3.922220206051611,0.4376131543215418,1.6940204040694666,117.2290215616421,28
100,Top,4,140286,31,5.369376464521787,0.6066857536216529,1.0,209.43631953806766,29,4.763702582063176,0.4431101928672561,1.596744301765482,122.8760853943896,28
100,Top,5,131942,30,3.598462895207346,0.6430209301799608,1.0,277.00935646999585,28,2.658514461695657,0.41682170447112665,1.9131301084525252,94.61586727583554,27
100,Top,6,192420,32,4.609596623895821,0.8010651153313308,1.0,719.6218387386032,30,3.9303693811901694,0.5757796505053078,1.6908038376377827,169.2381126769215,29
100,Top,7,166513,30,4.173069608311764,0.7664924183164339,1.0,622.3348076972711,28,3.2740809952599546,0.5180507715719046,1.8718027008770246,98.67141968917988,27
100,Top,8,135309,31,4.839394600759823,0.6305440561455898,1.0,199.56559291085597,29,4.248264774781263,0.4641847883391261,1.5851418415212175,68.31933226330612,28
100,Top,9,273190,29,4.91054549262769,0.7120776062860021,1.0,808.3490698586886,27,3.6833459605674275,0.43182600285802397,2.17634892279185,194.066837999227,26
100,Top,10,72848,21,4.379942234459954,0.6595121188964869,1.0,33.14967820450033,19,3.883468807533422,0.5368339859391249,1.4283524667661023,21.428064163790253,18
100,Top,11,178437,32,5.398891365674401,0.9699251825606037,1.0,1091.2964920632378,30,4.5316760689761475,0.6930869049016393,1.8211717268848815,194.90222236921653,29
100,Btm,1,242280,30,4.855400938098616,0.7556794897862815,1.0,427.74657952492834,28,4.196463488263408,0.5647470456787087,1.6221544644802643,81.33687807329953,27
100,Btm,2,173018,32,4.45401176822673,0.6546739724776012,1.0,382.3672278971104,30,3.659113608252975,0.44749514510281047,1.7810944179826536,140.77179023229718,29
100,Btm,3,218537,32,5.777064970502796,0.7485036277307383,1.0,988.4782761051544,30,4.706546561548946,0.4777139425782471,2.035826532452783,130.40539617196885,29
100,Btm,4,215915,29,5.448484998682979,0.7546365659175494,1.0,1232.3236039918488,27,3.882090816619016,0.41898681184013853,2.505233004383825,83.98450897206267,26
100,Btm,5,164492,31,4.960365974003417,0.6704937560905367,1.0,369.52001958870085,29,4.001066281389883,0.43891410097827244,1.9237276877995158,58.38889250423826,28
100,Btm,6,246469,31,5.979830750102729,0.7450068708960221,1.0,392.7376816475641,29,5.293829938573229,0.5567520756696793,1.6299699955797813,109.41361110518156,28
100,Btm,7,238150,30,4.547345210681234,0.757749965149926,1.0,1369.8243274187191,28,2.919059114624721,0.4162059442905728,2.5590062980460186,239.77257224904082,27
100,Btm,8,261602,29,5.130617695402824,0.7455742797613618,1.0,265.0946488081715,27,4.600888314867284,0.5907563432570178,1.4854366871651,75.84155159963663,26
100,Btm,9,1050701,27,6.359145968886785,0.5734057444393397,1.0,719.1759242964121,25,-43.02348518664392,0.023253889669759095,49.999999999679964,184.38176606871698,24
100,Btm,10,253516,31,5.20662905618732,0.6955658875895165,1.0,636.8229201320117,29,4.1746202727389115,0.44350806745322435,1.999656253628039,124.29383986985069,28
100,Btm,11,326991,31,7.1359979245490575,0.7809856717444792,1.0,603.6351586573905,29,6.460373697538185,0.5847091795502737,1.6310306819165565,169.78278617104885,28
101,Top,1,94519,31,5.598583463558093,0.7497954165585274,1.0,251.5253885142499,29,5.164784972478564,0.6049655750502264,1.4195774683381606,157.37650850053305,28
101,Top,2,86381,24,5.107304553377353,0.6522649324982291,1.0,153.2227939079072,22,4.634600578913576,0.5250432485734093,1.431452545652666,134.94802729190366,21
101,Top,3,86151,31,4.265645916191712,0.7172443273739351,1.0,223.73845954839567,29,3.887531866104375,0.586013817347169,1.378194153885661,166.406584746653,28
101,Top,4,105597,32,4.529594396630157,0.7461204687516523,1.0,130.95088384489858,30,4.055897061019045,0.5975479568372936,1.448366033278394,43.77123243376868,29
101,Top,5,75166,30,3.9306196502435715,0.6558492930506238,1.0,177.43985363903755,28,3.289149876770896,0.4733512670771045,1.6326912361081487,75.60430078869055,27
101,Top,6,110952,31,4.144826816550658,0.7030221129736577,1.0,153.19362497661547,29,4.026957292365447,0.6561204847290905,1.1189518552624533,148.2238950786191,28
101,Top,7,107521,32,4.388858271758541,0.726683118166964,1.0,520.565128915846,30,3.2072773234079412,0.44477539513735076,2.1433121649848776,131.72215553988414,29
101,Top,8,123244,31,5.5509600072956005,0.5965092917280586,1.0,136.24326797097953,29,5.2988167289475925,0.5157782724146894,1.2469623822851388,121.3125012306001,28
101,Top,9,141148,31,5.168397437804129,0.5850355813977529,1.0,384.51450380714937,29,4.12786767040927,0.3584568016812403,2.019131156643928,272.1706156158754,28
101,Top,10,91238,29,4.818206171502358,0.6113642048787464,1.0,247.26456423499604,27,4.743993586601514,0.5847541731665618,1.072264848808888,246.42085885165756,26
101,Top,11,92011,31,2.7885354401201674,0.6691015171713286,1.0,250.30805324889275,29,2.050706778194937,0.45907791321581914,1.7485160309526346,64.27670923674235,28
101,Btm,1,154579,30,6.303841947336939,0.6623593583673375,1.0,247.2398508882661,28,5.560754331029271,0.4689979018593018,1.713826335525819,71.55395148655452,27
101,Btm,2,473653,30,6.73146225582534,0.7303397093273267,1.0,857.5115891667821,28,5.553735742170526,0.4533410245437452,2.126782253982139,152.92821284076368,27
101,Btm,3,107958,31,5.1649858201683,0.6389457681126223,1.0,602.7025733945738,29,4.075679382379002,0.39176983258003095,2.068539861210689,389.73522220933665,28
101,Btm,4,205230,30,7.070825675983213,0.6856385074050485,1.0,202.26564670691678,28,6.35814324927366,0.5076741098381844,1.651145296698873,114.63244646651606,27
101,Btm,5,117648,31,4.593055126588795,0.7346130279178661,1.0,441.52374016990865,29,3.647645534376565,0.4934958474014711,1.899999206219872,103.6000455350364,28
101,Btm,6,101897,31,5.045435928420039,0.6801555748532675,1.0,305.9221269015609,29,4.275475593581185,0.4779040566223512,1.7417383636749901,157.08282520859495,28
101,Btm,7,213053,29,6.353063773554115,0.6259085605547238,1.0,90.94466173994132,27,5.890763318777799,0.5037390255869428,1.4242114443215677,59.106323978148254,26
101,Btm,8,160790,29,6.884775100306635,0.6251131748461005,1.0,125.16101746767106,27,6.58551556622202,0.5357325489508733,1.280944507727736,101.08312470705455,26
101,Btm,9,189025,29,7.287861761221461,0.6021271437515592,1.0,87.18522202835712,27,7.250996841651093,0.5897827262011646,1.0344732426638132,86.85419017872259,26
101,Btm,10,134484,31,7.255213266193898,0.9484129849223794,1.0,463.85473327593326,29,6.786037427096763,0.7765803310981448,1.4342958425215817,204.3808542478897,28
101,Btm,11,138283,29,4.011876439211102,0.6884342964737425,1.0,259.6853042698148,27,3.3901414443116034,0.51530222633659,1.5915969292711232,116.74144223680645,26
200,Top,1,117214,31,3.6514912957600294,0.676053076381937,1.0,897.0580860591745,29,2.246033350304316,0.3753843670474715,2.3822431814300646,558.7046205384964,28
200,Top,2,129811,31,6.354934369528669,0.8163236921671037,1.0,613.9721683938977,29,5.661044822142364,0.5971414259779715,1.6754480308256918,212.93051082983538,28
200,Top,3,226316,32,4.034230117807073,0.7299704468400737,1.0,657.4260734920088,30,3.084676773532545,0.48501470568018495,1.915199532646371,139.76536337392608,29
200,Top,4,150843,27,3.6010754290508604,0.5782989406552298,1.0,357.90128146564246,25,2.816703207295232,0.39291685537264254,1.7630958349942332,282.3306495037299,24
200,Top,5,130969,31,4.220964361324935,0.7226297767380568,1.0,542.1559853681135,29,2.9807012635369263,0.4383988337877697,2.18775010203971,97.51666743351322,28
200,Top,6,182315,30,3.4637219354122415,0.6870255788273684,1.0,504.5934490429999,28,2.5303815305338815,0.4474783527708454,1.9216302082958407,89.49783477560221,27
200,Top,7,175501,31,3.671467720585161,0.6350844997882589,1.0,363.90203556672407,29,2.817300811131892,0.41323562819940496,1.8593846980929132,131.68142535973766,28
200,Top,8,172483,32,4.772391895927659,0.7474989127197464,1.0,664.5200718394692,30,3.601453541498218,0.47433444349061404,2.0957088195836184,92.10328477648072,29
200,Top,9,284881,30,2.785337572610247,0.6638738754451172,1.0,170.4438045202049,28,2.3888055840855227,0.5435691384425363,1.378034615645862,91.31057961897424,27
200,Top,10,168940,31,3.0175136142900283,0.7080279449019886,1.0,775.3482885205925,29,1.7404957338932792,0.41286420568709403,2.2583343187699287,146.49680195725625,28
200,Top,11,232594,32,2.828781162995644,0.7145863612155879,1.0,719.9022534480521,30,1.7719734262468052,0.4531746332009633,2.0295813966792013,143.78272906007257,29
200,Btm,1,169075,29,4.274463481094088,0.6407297309868901,1.0,223.08964463617434,27,3.5865988885630973,0.46932584498538293,1.6410323034044987,128.46437194593446,26
200,Btm,2,133221,25,5.86295654753818,0.583613059639602,1.0,123.93701176190578,23,5.464190266365409,0.48134371963263645,1.3636169176289146,110.7137737380787,22
200,Btm,3,313970,32,4.7814964553045005,0.5983842871823388,1.0,128.8156097494497,30,4.307688813109589,0.4683600915888666,1.453805609504342,63.38511850096449,29
200,Btm,4,192570,31,4.21113670292824,0.6533360023254005,1.0,386.8783603992888,29,3.1662856053963107,0.4118636550073172,2.0115998490255067,87.87098248760752,28
200,Btm,5,167489,31,4.747086060400818,0.6615700975624759,1.0,657.7717463019519,29,3.2696087523591824,0.3628710263736456,2.4380248050183604,64.39878358102088,28
200,Btm,6,304523,30,5.915828489409808,0.5952070187291496,1.0,107.51498917165783,28,5.593358120706682,0.5040812941628251,1.3011087779535466,86.57402719181762,27
200,Btm,7,211127,31,5.060298582934822,0.7057134029900565,1.0,462.04921905737405,29,4.032240038390104,0.4622329946363185,1.9660834778384382,86.033792602861,28
200,Btm,8,275756,30,5.229212535670978,0.6248069113071056,1.0,113.62099468808546,28,4.884479158574242,0.5207406874672651,1.3302947976007302,64.30580565134564,27
200,Btm,9,297320,29,4.906612955157587,0.5663934169084233,1.0,109.66503555001532,27,4.599423711180375,0.48227901286434155,1.2868109643394685,98.19849765759709,26
200,Btm,10,346710,31,5.851588434227192,0.809441350000127,1.0,783.1338059301102,29,5.047187345440503,0.5886541213281737,1.7330204291089484,197.2284310727065,28
200,Btm,11,217212,25,5.564258214909699,0.5641203402758967,1.0,77.13898159742718,23,4.922925575267156,0.42051326564204516,1.5875151480415626,54.68239558372992,22
