plane,paddle,nruns,cableFit,cable_spread,LCoeff,LCoeff_spread,per_run
000,1,13,8.5007,0.0696,0.0000,0.0000,22824:0.00 22825:0.00 22826:0.00 22827:0.00 22828:0.00 22829:0.00 23249:0.00 23801:0.00 23802:0.00 23812:0.00 23813:0.00 23814:0.00 23815:0.00
000,2,12,1.3012,0.0234,-16.6449,0.0980,22824:-16.65 22825:-16.64 22826:-16.76 22827:-16.75 22828:-16.78 22829:-16.67 23249:-16.84 23801:-16.55 23812:-16.49 23813:-16.60 23814:-16.60 23815:-16.60
000,3,11,4.0948,0.0364,-8.9245,0.0838,22825:-8.95 22826:-8.92 22827:-8.97 22828:-8.99 22829:-8.98 23249:-9.02 23801:-8.87 23812:-8.84 23813:-8.81 23814:-8.78 23815:-8.80
000,4,10,-0.2052,0.1208,-8.9878,0.1123,22825:-8.64 22826:-8.97 22827:-8.99 22828:-9.03 22829:-9.02 23801:-8.99 23802:-9.04 23812:-9.03 23813:-8.93 23814:-8.91
000,5,12,-0.7810,0.1851,-22.2342,0.1004,22824:-22.25 22825:-22.23 22826:-22.31 22827:-22.31 22828:-22.30 22829:-22.24 23249:-22.42 23801:-22.19 23812:-22.01 23813:-22.14 23814:-22.14 23815:-22.23
000,6,9,0.7501,0.0375,-17.0803,0.0603,22825:-17.05 22826:-17.08 22827:-17.18 22828:-17.14 22829:-17.08 23801:-17.09 23812:-17.08 23813:-17.07 23814:-16.95
000,7,8,5.9137,0.0448,-7.3379,0.0561,22826:-7.34 22827:-7.35 22828:-7.40 22829:-7.37 23801:-7.34 23812:-7.32 23813:-7.27 23814:-7.21
000,8,12,-7.2621,0.0361,-15.4828,0.0879,22824:-15.35 22825:-15.51 22826:-15.55 22827:-15.50 22828:-15.51 22829:-15.47 23249:-15.63 23801:-15.41 23812:-15.55 23813:-15.34 23814:-15.34 23815:-15.42
000,9,8,-4.0652,0.0412,-18.6902,0.1160,22826:-18.86 22827:-18.86 22828:-18.77 22829:-18.68 23801:-18.61 23812:-18.54 23813:-18.58 23814:-18.70
000,10,12,-1.9200,0.0915,-8.7869,0.1204,22825:-8.83 22826:-8.86 22827:-8.81 22828:-8.85 22829:-8.85 23249:-8.88 23801:-8.63 23802:-8.58 23812:-8.58 23813:-8.59 23814:-8.62 23815:-8.77
000,11,9,3.3854,0.0360,-7.3259,0.0795,22826:-7.35 22827:-7.33 22828:-7.42 22829:-7.39 23801:-7.31 23802:-7.33 23812:-7.32 23813:-7.23 23814:-7.14
001,1,7,7.6022,0.0550,-5.2835,0.0595,22827:-5.27 22828:-5.34 22829:-5.35 23801:-5.26 23802:-5.32 23812:-5.28 23813:-5.16
001,2,10,-3.3287,0.0374,-10.0741,0.0843,22825:-10.13 22826:-10.15 22827:-10.14 22828:-10.14 22829:-10.13 23801:-10.02 23802:-9.92 23812:-9.96 23813:-9.99 23814:-10.00
001,3,12,0.7378,0.2412,-18.1554,0.5087,22825:-19.49 22826:-18.12 22827:-18.17 22828:-18.20 22829:-18.18 23249:-19.48 23801:-18.19 23802:-18.10 23812:-18.14 23813:-18.12 23814:-18.02 23815:-18.06
001,4,11,3.3476,0.0326,-17.5322,0.0946,22824:-17.74 22825:-17.57 22826:-17.57 22827:-17.54 22828:-17.53 22829:-17.48 23249:-17.64 23801:-17.45 23813:-17.42 23814:-17.42 23815:-17.47
001,5,9,-3.5783,0.0550,-16.9601,0.0896,22825:-17.04 22826:-17.08 22827:-17.06 22828:-16.99 22829:-16.92 23801:-16.84 23812:-16.84 23813:-16.86 23814:-16.96
001,6,8,-3.6678,0.0266,-16.6019,0.0754,22826:-16.68 22827:-16.71 22828:-16.73 22829:-16.63 23801:-16.55 23812:-16.51 23813:-16.57 23814:-16.57
001,7,9,-6.3240,0.0460,-20.5110,0.1358,22825:-20.52 22826:-20.56 22827:-20.53 22828:-20.51 22829:-20.40 23249:-20.66 23801:-20.25 23813:-20.26 23814:-20.32
001,8,12,2.1712,0.0278,-18.4275,0.0941,22824:-18.52 22825:-18.39 22826:-18.47 22827:-18.50 22828:-18.51 22829:-18.47 23249:-18.54 23801:-18.32 23812:-18.26 23813:-18.32 23814:-18.34 23815:-18.32
001,9,10,-2.1613,0.0233,-9.1771,0.0589,22825:-9.13 22826:-9.17 22827:-9.17 22828:-9.24 22829:-9.23 23801:-9.19 23802:-9.24 23812:-9.21 23813:-9.12 23814:-9.05
001,10,8,-3.8261,0.0229,-20.4010,0.0837,22826:-20.47 22827:-20.50 22828:-20.45 22829:-20.43 23801:-20.37 23812:-20.23 23813:-20.32 23814:-20.34
001,11,11,0.1195,0.4125,-19.4447,0.6036,22825:-21.37 22826:-19.41 22827:-19.46 22828:-19.50 22829:-19.43 23249:-19.62 23801:-19.44 23812:-19.23 23813:-19.38 23814:-19.37 23815:-20.37
100,1,9,2.0286,0.0277,-4.9507,0.0563,22826:-4.98 22827:-4.92 22828:-4.97 22829:-4.96 23801:-4.94 23802:-4.96 23812:-4.95 23813:-4.83 23814:-4.82
100,2,13,0.4817,0.0719,-19.8859,0.2019,22824:-19.96 22825:-19.99 22826:-19.99 22827:-19.99 22828:-19.94 22829:-19.85 23249:-20.14 23801:-19.82 23802:-19.26 23812:-19.74 23813:-19.79 23814:-19.88 23815:-19.89
100,3,12,1.8215,0.0280,-20.5890,0.0645,22824:-20.61 22825:-20.57 22826:-20.64 22827:-20.71 22828:-20.65 22829:-20.53 23249:-20.71 23801:-20.58 23812:-20.50 23813:-20.58 23814:-20.59 23815:-20.53
100,4,12,3.7951,0.0704,-14.2485,0.0824,22825:-14.27 22826:-14.31 22827:-14.30 22828:-14.29 22829:-14.25 23249:-14.46 23801:-14.24 23802:-14.12 23812:-14.15 23813:-14.22 23814:-14.22 23815:-14.25
100,5,12,3.1545,0.0177,-14.8164,0.1263,22824:-14.97 22825:-14.93 22826:-14.92 22827:-14.83 22828:-14.78 22829:-14.72 23249:-15.09 23801:-14.70 23812:-14.64 23813:-14.70 23814:-14.80 23815:-14.87
100,6,10,-0.6330,0.0373,-9.8591,0.1474,22825:-9.83 22826:-9.88 22827:-9.93 22828:-9.98 22829:-9.97 23249:-9.90 23801:-9.64 23813:-9.61 23814:-9.62 23815:-9.66
100,7,11,4.8109,0.2904,-16.4454,0.5760,22824:-17.05 22825:-16.35 22826:-17.57 22827:-16.46 22828:-16.49 22829:-16.45 23249:-16.49 23801:-16.32 23813:-16.26 23814:-16.27 23815:-15.05
100,8,11,-3.7380,0.0819,-18.6724,0.1700,22825:-18.72 22826:-18.74 22827:-18.68 22828:-18.67 22829:-18.51 23249:-18.86 23801:-18.49 23802:-18.38 23812:-19.01 23813:-18.53 23814:-18.59
100,9,10,-8.3980,0.0109,-21.3188,0.1174,22824:-21.44 22825:-21.39 22826:-21.37 22827:-21.33 22828:-21.29 22829:-21.21 23249:-21.48 23813:-21.08 23814:-21.17 23815:-21.30
100,10,9,1.0220,0.1188,-18.0957,0.1490,22825:-17.70 22826:-17.93 22827:-17.99 22828:-18.10 22829:-18.12 23801:-18.12 23802:-18.23 23812:-18.17 23813:-18.01
100,11,12,-9.5926,0.0494,-29.9350,0.1084,22824:-29.94 22825:-29.88 22826:-29.93 22827:-29.97 22828:-30.01 22829:-29.95 23249:-29.96 23801:-29.79 23812:-29.80 23813:-29.73 23814:-29.73 23815:-30.09
101,1,8,0.1961,0.0389,-7.7772,0.0728,22827:-7.76 22828:-7.83 22829:-7.83 23801:-7.78 23802:-7.83 23812:-7.78 23813:-7.69 23814:-7.61
101,2,5,2.1537,0.1383,-3.7515,0.3535,22828:-4.50 23801:-3.57 23802:-3.82 23812:-3.75 23813:-3.51
101,3,12,5.2868,0.0505,-6.5595,0.1313,22825:-6.65 22826:-6.68 22827:-6.64 22828:-6.71 22829:-6.69 23249:-6.71 23801:-6.42 23802:-6.42 23812:-6.43 23813:-6.38 23814:-6.43 23815:-6.47
101,4,9,-1.7602,0.0436,-9.2073,0.0619,22826:-9.21 22827:-9.21 22828:-9.26 22829:-9.25 23801:-9.19 23802:-9.21 23812:-9.19 23813:-9.14 23814:-9.04
101,5,12,2.1771,0.0987,-17.5065,0.1791,22824:-17.44 22825:-17.45 22826:-17.56 22827:-17.56 22828:-17.56 22829:-17.50 23249:-17.59 23801:-17.51 23812:-17.46 23813:-17.47 23814:-17.50 23815:-18.14
101,6,10,7.8775,0.0592,-5.6968,0.0721,22825:-5.62 22826:-5.66 22827:-5.70 22828:-5.74 22829:-5.74 23249:-5.77 23801:-5.70 23812:-5.72 23813:-5.63 23814:-5.52
101,7,12,-6.8767,0.0277,-17.5661,0.0744,22824:-17.56 22825:-17.56 22826:-17.62 22827:-17.60 22828:-17.65 22829:-17.59 23249:-17.72 23801:-17.51 23812:-17.43 23813:-17.48 23814:-17.51 23815:-17.57
101,8,13,1.1247,0.0287,-1.1401,0.0539,22824:-1.15 22825:-1.11 22826:-1.15 22827:-1.16 22828:-1.17 22829:-1.14 23249:-1.30 23801:-1.16 23802:-1.14 23812:-1.11 23813:-1.08 23814:-1.06 23815:-1.12
101,9,9,0.3635,0.0120,-3.0350,0.0438,22826:-3.06 22827:-3.03 22828:-3.03 22829:-3.06 23801:-3.04 23802:-3.05 23812:-3.02 23813:-2.98 23814:-2.92
101,11,11,0.7192,0.0133,-18.4932,0.0711,22825:-18.53 22826:-18.55 22827:-18.56 22828:-18.54 22829:-18.47 23249:-18.66 23801:-18.45 23812:-18.38 23813:-18.45 23814:-18.47 23815:-18.49
200,1,12,4.4911,0.0269,-6.7691,0.0895,22824:-6.86 22825:-6.86 22826:-6.78 22827:-6.78 22828:-6.80 22829:-6.76 23249:-6.95 23801:-6.71 23812:-6.66 23813:-6.64 23814:-6.65 23815:-6.73
200,2,9,-3.2041,0.0666,-10.2884,0.1163,22824:-10.29 22825:-10.29 22826:-10.30 22827:-10.31 22828:-10.26 23249:-10.33 23813:-10.01 23814:-10.06 23815:-10.12
200,3,13,-3.4982,0.0121,-8.4027,0.0841,22824:-8.49 22825:-8.45 22826:-8.46 22827:-8.46 22828:-8.40 22829:-8.36 23249:-8.60 23801:-8.37 23802:-8.28 23812:-8.30 23813:-8.31 23814:-8.36 23815:-8.40
200,4,11,9.0500,0.0276,-1.6609,0.0683,22824:-1.71 22825:-1.67 22826:-1.66 22827:-1.68 22828:-1.71 22829:-1.61 23249:-1.81 23801:-1.59 23813:-1.58 23814:-1.58 23815:-1.61
200,5,9,0.3020,0.0399,-23.2244,0.1012,22824:-23.35 22825:-23.20 22826:-23.25 22827:-23.18 22828:-23.24 23249:-23.31 23813:-23.02 23814:-23.06 23815:-23.22
200,6,11,-9.0498,0.1358,-21.2350,0.2757,22824:-21.28 22825:-21.25 22826:-21.23 22827:-21.24 22828:-21.21 22829:-22.07 23249:-21.39 23801:-21.07 23813:-20.99 23814:-21.05 23815:-21.19
200,7,8,9.0044,0.0299,-4.6249,0.0958,22824:-4.65 22825:-4.63 22826:-4.62 22827:-4.67 22828:-4.43 23249:-4.74 23814:-4.47 23815:-4.56
200,8,11,-8.9064,0.2065,-22.5501,0.0815,22824:-22.57 22825:-22.52 22826:-22.55 22827:-22.56 22828:-22.52 22829:-22.46 23249:-22.75 23801:-22.57 23813:-22.41 23814:-22.51 23815:-22.59
200,9,10,-1.7452,0.0184,-6.1471,0.0786,22824:-6.19 22825:-6.16 22826:-6.19 22827:-6.17 22828:-6.11 23249:-6.34 23801:-6.07 23813:-6.06 23814:-6.09 23815:-6.13
200,10,11,-2.8085,0.0209,-19.6173,0.0990,22824:-19.71 22825:-19.65 22826:-19.69 22827:-19.62 22828:-19.59 22829:-19.47 23249:-19.84 23801:-19.57 23813:-19.50 23814:-19.57 23815:-19.68
200,11,9,-7.5634,0.0256,-19.0433,0.1299,22824:-19.16 22825:-19.08 22826:-19.04 22827:-18.97 22828:-18.91 23249:-19.23 23813:-18.80 23814:-18.88 23815:-19.07
REFBAR,1,1,0.8499,0.0000,-16.3726,0.0000,23801:-16.37
